diameter,coupling,m,n_radial,quadrature_factor,real,imag,abs_sigma,residual,normalization_error,accessible_area_center,accessible_area_wall
3.3,20.75,8,24,8,-0.1854050531946296,-261.61498060096835,261.615046298715,5.824656413395222e-17,2.220446049250313e-16,3.1335275869254526,1.3669346978025931
3.3,20.75,8,24,8,0.18540505319462414,-261.6149806009697,261.6150462987164,5.656311002916955e-17,2.220446049250313e-16,3.1335275869254526,1.3669346978025931
3.3,20.75,8,24,8,5.495044119815767e-16,254.56760386379062,254.56760386379062,1.216892627158677e-16,2.220446049250313e-16,3.1335275869254526,1.3669346978025931
3.3,20.75,8,24,8,2.362123894010838e-17,182.58985242890185,182.58985242890185,2.969228149502196e-16,2.220446049250313e-16,3.1335275869254526,1.3669346978025931
3.3,20.75,8,24,8,-1.79727537334224e-18,-137.42754319495796,137.42754319495796,1.3535170469102914e-17,2.220446049250313e-16,3.1335275869254526,1.3669346978025931
3.3,20.75,8,24,8,-3.3164624767250693e-16,-123.92970346310791,123.92970346310791,9.17400227344121e-17,2.220446049250313e-16,3.1335275869254526,1.3669346978025931
3.3,20.75,8,24,8,2.6812101447565504e-15,120.3916292507343,120.3916292507343,1.1031585090720766e-16,2.220446049250313e-16,3.1335275869254526,1.3669346978025931
3.3,20.75,8,24,8,1.7761681767303742e-17,110.62309332394841,110.62309332394841,1.8318567265139726e-16,2.220446049250313e-16,3.1335275869254526,1.3669346978025931
3.3,20.75,8,24,8,-1.0821380539707905e-17,-89.3628843804838,89.3628843804838,6.792551297539207e-18,2.220446049250313e-16,3.1335275869254526,1.3669346978025931
3.3,20.75,8,24,8,-5.887359358106092e-16,-75.26938224241096,75.26938224241096,8.219066213826632e-17,2.220446049250313e-16,3.1335275869254526,1.3669346978025931
3.3,20.75,8,24,8,1.7095231282029745e-17,78.8550999481803,78.8550999481803,3.9247503370309323e-17,2.220446049250313e-16,3.1335275869254526,1.3669346978025931
3.3,20.75,8,24,8,-4.52448945079534e-16,75.18773784434538,75.18773784434538,5.869417027750903e-17,2.220446049250313e-16,3.1335275869254526,1.3669346978025931
3.3,20.75,8,24,8,-4.313542830546292e-17,-67.98439557782649,67.98439557782649,1.9407580838521787e-17,2.220446049250313e-16,3.1335275869254526,1.3669346978025931
3.3,20.75,8,24,8,8.611978522564336e-18,-60.988702110557206,60.988702110557206,7.869385075042389e-17,2.220446049250313e-16,3.1335275869254526,1.3669346978025931
3.3,20.75,8,24,8,-1.3779320189537828e-18,64.49198298706933,64.49198298706933,2.154742841665502e-17,2.220446049250313e-16,3.1335275869254526,1.3669346978025931
3.3,20.75,8,24,8,-9.360664436510891e-18,-55.343101160003904,55.343101160003904,5.0490248470148956e-17,2.220446049250313e-16,3.1335275869254526,1.3669346978025931
3.3,20.75,8,24,8,6.647465718502029e-17,60.381100369250326,60.381100369250326,1.739982153449532e-16,2.220446049250313e-16,3.1335275869254526,1.3669346978025931
3.3,20.75,8,24,8,-6.738556778718465e-17,-50.04354927751121,50.04354927751121,2.950330624098094e-17,2.220446049250313e-16,3.1335275869254526,1.3669346978025931
3.3,20.75,8,24,8,-2.7248294784622405e-17,-45.35054351129268,45.35054351129268,1.1433176942390053e-16,2.220446049250313e-16,3.1335275869254526,1.3669346978025931
3.3,20.75,8,24,8,3.1820089765651656e-17,-40.96721545545622,40.96721545545622,5.398816222372084e-17,2.220446049250313e-16,3.1335275869254526,1.3669346978025931
3.3,20.75,8,24,8,4.2251777156422686e-17,-36.972481599074364,36.972481599074364,4.7175675164354097e-17,2.220446049250313e-16,3.1335275869254526,1.3669346978025931
3.3,20.75,8,24,8,-1.219736550811447e-16,-33.30763164077608,33.30763164077608,4.2482742185862696e-17,2.220446049250313e-16,3.1335275869254526,1.3669346978025931
3.3,20.75,8,24,8,-2.7843090910005447e-16,-30.172757956984174,30.172757956984174,6.695283292601799e-17,2.220446049250313e-16,3.1335275869254526,1.3669346978025931
3.3,20.75,8,24,8,-4.1742776248185114e-16,-27.360067750470108,27.360067750470108,6.473250412349659e-17,2.220446049250313e-16,3.1335275869254526,1.3669346978025931
3.3,20.75,8,24,8,-1.1089061495406615e-15,-17.614275232787477,17.614275232787477,1.1092328044264614e-16,2.220446049250313e-16,3.1335275869254526,1.3669346978025931
3.3,20.75,8,24,8,3.122045682183197e-16,-19.820259047037325,19.820259047037325,1.0916217610302221e-16,2.220446049250313e-16,3.1335275869254526,1.3669346978025931
3.3,20.75,8,24,8,-4.416263339270199e-16,-24.404119038452233,24.404119038452233,8.496606460901531e-17,2.220446049250313e-16,3.1335275869254526,1.3669346978025931
3.3,20.75,8,24,8,2.2095097301060885e-18,54.58345565837092,54.58345565837092,4.5976452852728813e-17,2.220446049250313e-16,3.1335275869254526,1.3669346978025931
3.3,20.75,8,24,8,4.984524519215498e-17,49.55253451658705,49.55253451658705,5.677109359371769e-17,2.220446049250313e-16,3.1335275869254526,1.3669346978025931
3.3,20.75,8,24,8,-2.724579976595931e-17,44.89765741133442,44.89765741133442,2.0418881313871037e-16,2.220446049250313e-16,3.1335275869254526,1.3669346978025931
3.3,20.75,8,24,8,1.182288527367983e-15,-10.527979756886861,10.527979756886861,1.8437169893950033e-16,2.220446049250313e-16,3.1335275869254526,1.3669346978025931
3.3,20.75,8,24,8,9.474833120526878e-18,40.60735292320059,40.60735292320059,6.859170980150373e-17,2.220446049250313e-16,3.1335275869254526,1.3669346978025931
3.3,20.75,8,24,8,2.0869718909717757e-16,36.723588777001225,36.723588777001225,5.761352265420458e-17,2.220446049250313e-16,3.1335275869254526,1.3669346978025931
3.3,20.75,8,24,8,-8.342800900844907e-16,33.163536781897974,33.163536781897974,4.6490350515598406e-17,2.220446049250313e-16,3.1335275869254526,1.3669346978025931
3.3,20.75,8,24,8,-1.7238426825665275e-15,30.179346177536015,30.179346177536015,4.711377426271228e-17,2.220446049250313e-16,3.1335275869254526,1.3669346978025931
3.3,20.75,8,24,8,6.978152378920222e-16,22.15376061938392,22.15376061938392,2.0199349987252396e-17,2.220446049250313e-16,3.1335275869254526,1.3669346978025931
3.3,20.75,8,24,8,-1.9005535181395247e-15,27.60793795274233,27.60793795274233,4.785054949480181e-17,2.220446049250313e-16,3.1335275869254526,1.3669346978025931
3.3,20.75,8,24,8,-1.9061328891951938e-15,24.9344785007612,24.9344785007612,7.4029682862551e-17,2.220446049250313e-16,3.1335275869254526,1.3669346978025931
3.3,20.75,8,24,8,1.871211102380071e-15,23.71741781100412,23.71741781100412,1.8343353426885907e-17,2.220446049250313e-16,3.1335275869254526,1.3669346978025931
3.3,20.75,8,24,8,-1.0969681318689889e-15,1.45226546160265,1.45226546160265,3.94022949322584e-17,2.220446049250313e-16,3.1335275869254526,1.3669346978025931
3.3,20.75,8,24,8,1.0476613436908802e-12,0.021604733091496506,0.021604733091496506,2.0614233422181799e-16,2.220446049250313e-16,3.1335275869254526,1.3669346978025931
3.3,20.75,8,24,8,-6.884760501635452e-13,-0.019303900330487525,0.019303900330487525,9.622355487501076e-17,2.220446049250313e-16,3.1335275869254526,1.3669346978025931
3.3,20.75,8,24,8,-4.0027423417849446e-13,-0.0080689254784846,0.0080689254784846,2.3202168982693115e-17,2.220446049250313e-16,3.1335275869254526,1.3669346978025931
3.3,20.75,8,24,8,-0.0017087627976302448,0.005017638667943048,0.005300619595915408,4.610302831463383e-17,2.220446049250313e-16,3.1335275869254526,1.3669346978025931
3.3,20.75,8,24,8,0.0017087627976359089,0.005017638668141756,0.005300619596105334,4.698972474710571e-17,2.220446049250313e-16,3.1335275869254526,1.3669346978025931
3.3,20.75,8,24,8,-0.004629227277492774,0.0008273703040799587,0.004702582993074819,2.2812787682312477e-17,2.220446049250313e-16,3.1335275869254526,1.3669346978025931
3.3,20.75,8,24,8,0.0046292272775313925,0.0008273703040838196,0.0047025829931135145,2.204578453841025e-17,2.220446049250313e-16,3.1335275869254526,1.3669346978025931
3.3,20.75,8,24,8,7.996427462967873e-14,-0.0034361162700598568,0.0034361162700598568,7.34338994105048e-17,2.220446049250313e-16,3.1335275869254526,1.3669346978025931
3.3,20.75,8,24,8,-0.001291813243887367,0.0015834675438623355,0.002043563289831812,3.849444875731368e-17,2.220446049250313e-16,3.1335275869254526,1.3669346978025931
3.3,20.75,8,24,8,0.0012918132438153266,0.001583467543792039,0.002043563289731803,3.820093312922347e-17,2.220446049250313e-16,3.1335275869254526,1.3669346978025931
3.3,20.75,8,24,8,-0.0015374406267279028,-0.0009194190064034997,0.0017913835407442722,5.365278750247329e-17,2.220446049250313e-16,3.1335275869254526,1.3669346978025931
3.3,20.75,8,24,8,0.0015374406248980395,-0.0009194190059815594,0.0017913835389572477,5.1827154585866036e-17,2.220446049250313e-16,3.1335275869254526,1.3669346978025931
3.3,20.75,8,24,8,0.00042787426309762736,-0.0014898132328390007,0.0015500386620221872,2.3243471660806148e-17,2.220446049250313e-16,3.1335275869254526,1.3669346978025931
3.3,20.75,8,24,8,-0.0004278742611606326,-0.0014898132307813085,0.0015500386595097549,2.471410304525699e-17,2.220446049250313e-16,3.1335275869254526,1.3669346978025931
3.3,20.75,8,24,8,-0.0006957879997098297,-0.0003507288143625955,0.0007791865256563398,5.875106513149858e-17,2.220446049250313e-16,3.1335275869254526,1.3669346978025931
3.3,20.75,8,24,8,0.0006957879981480844,-0.00035072881645729226,0.0007791865252046211,6.387176492493922e-17,2.220446049250313e-16,3.1335275869254526,1.3669346978025931
3.3,20.75,8,24,8,-0.00014859182776365992,0.00015879954751101552,0.00021747833815773113,5.273102235664109e-17,2.220446049250313e-16,3.1335275869254526,1.3669346978025931
3.3,20.75,8,24,8,0.0001485918291010726,0.00015879955267692936,0.00021747834284359266,5.446219273713296e-17,2.220446049250313e-16,3.1335275869254526,1.3669346978025931
3.3,20.75,8,24,8,1.0666583549227906e-13,6.48328887186092e-07,6.483288871861008e-07,1.8473684710248034e-17,2.220446049250313e-16,3.1335275869254526,1.3669346978025931
3.3,20.75,8,32,8,9.348612836201112e-21,-226.16294305879393,226.16294305879393,4.632316880563208e-17,4.440892098500626e-16,3.1136027064737424,1.3665617524672424
3.3,20.75,8,32,8,-4.21382005338885e-19,-184.63788901671947,184.63788901671947,5.5271847157557746e-17,4.440892098500626e-16,3.1136027064737424,1.3665617524672424
3.3,20.75,8,32,8,8.885577440351505e-21,193.44765796957986,193.44765796957986,1.8232478241451178e-17,4.440892098500626e-16,3.1136027064737424,1.3665617524672424
3.3,20.75,8,32,8,-4.576605757744386e-19,182.70643292301781,182.70643292301781,1.9806884919488315e-16,4.440892098500626e-16,3.1136027064737424,1.3665617524672424
3.3,20.75,8,32,8,6.751878012215797e-21,-153.69330994009593,153.69330994009593,1.1037177520642571e-17,4.440892098500626e-16,3.1136027064737424,1.3665617524672424
3.3,20.75,8,32,8,-1.903377973069436e-19,-131.2603883399033,131.2603883399033,6.703186208387416e-17,4.440892098500626e-16,3.1136027064737424,1.3665617524672424
3.3,20.75,8,32,8,3.441869329235389e-20,139.0200482448243,139.0200482448243,5.70670267021736e-18,4.440892098500626e-16,3.1136027064737424,1.3665617524672424
3.3,20.75,8,32,8,-2.7583159970200574e-19,129.67459845958072,129.67459845958072,2.043646974503616e-16,4.440892098500626e-16,3.1136027064737424,1.3665617524672424
3.3,20.75,8,32,8,4.233130423027473e-19,-116.04435020836398,116.04435020836398,6.5818312827621164e-18,4.440892098500626e-16,3.1136027064737424,1.3665617524672424
3.3,20.75,8,32,8,1.041861864267088e-18,109.2886510491651,109.2886510491651,8.630443800160423e-18,4.440892098500626e-16,3.1136027064737424,1.3665617524672424
3.3,20.75,8,32,8,1.0150768414361933e-19,-100.93744417193325,100.93744417193325,2.663541568178057e-17,4.440892098500626e-16,3.1136027064737424,1.3665617524672424
3.3,20.75,8,32,8,-2.453817014718816e-19,100.5585480340483,100.5585480340483,7.324212197927914e-17,4.440892098500626e-16,3.1136027064737424,1.3665617524672424
3.3,20.75,8,32,8,-2.5336539898104774e-18,-95.23883126976283,95.23883126976283,1.7935521794360725e-17,4.440892098500626e-16,3.1136027064737424,1.3665617524672424
3.3,20.75,8,32,8,-2.6503125485454726e-18,93.10562328726601,93.10562328726601,2.171272674048031e-17,4.440892098500626e-16,3.1136027064737424,1.3665617524672424
3.3,20.75,8,32,8,9.218763659402137e-19,-86.87450832598218,86.87450832598218,2.4619077258123515e-17,4.440892098500626e-16,3.1136027064737424,1.3665617524672424
3.3,20.75,8,32,8,1.5095683959369282e-18,86.08086367460282,86.08086367460282,3.6069177315295424e-17,4.440892098500626e-16,3.1136027064737424,1.3665617524672424
3.3,20.75,8,32,8,1.8205794921900153e-18,-79.850722161767,79.850722161767,1.904018243081755e-17,4.440892098500626e-16,3.1136027064737424,1.3665617524672424
3.3,20.75,8,32,8,1.2792260711132991e-18,78.97630764888038,78.97630764888038,3.218150212557788e-17,4.440892098500626e-16,3.1136027064737424,1.3665617524672424
3.3,20.75,8,32,8,-2.7403070717433695e-18,-73.00077277326197,73.00077277326197,1.976444958364874e-17,4.440892098500626e-16,3.1136027064737424,1.3665617524672424
3.3,20.75,8,32,8,-3.013883671825723e-18,72.25338450942361,72.25338450942361,3.165982917749305e-17,4.440892098500626e-16,3.1136027064737424,1.3665617524672424
3.3,20.75,8,32,8,-2.6144933293372634e-19,-66.73478761248272,66.73478761248272,2.2112455542733054e-17,4.440892098500626e-16,3.1136027064737424,1.3665617524672424
3.3,20.75,8,32,8,3.632887550890693e-19,66.02861322921719,66.02861322921719,2.6695564195391935e-17,4.440892098500626e-16,3.1136027064737424,1.3665617524672424
3.3,20.75,8,32,8,2.8408458261428498e-18,-60.83683998877015,60.83683998877015,2.1488275556069936e-17,4.440892098500626e-16,3.1136027064737424,1.3665617524672424
3.3,20.75,8,32,8,2.4980863183394e-18,60.17031480407412,60.17031480407412,3.699098478026717e-17,4.440892098500626e-16,3.1136027064737424,1.3665617524672424
3.3,20.75,8,32,8,-2.4202358142667977e-18,-55.245155869656536,55.245155869656536,2.369228446921929e-17,4.440892098500626e-16,3.1136027064737424,1.3665617524672424
3.3,20.75,8,32,8,-1.8703925556571997e-18,-50.0920391996834,50.0920391996834,3.0155487470772474e-17,4.440892098500626e-16,3.1136027064737424,1.3665617524672424
3.3,20.75,8,32,8,-5.19111025118509e-18,54.642637622632314,54.642637622632314,5.750089684437012e-17,4.440892098500626e-16,3.1136027064737424,1.3665617524672424
3.3,20.75,8,32,8,3.889163522030613e-18,-45.352334408730556,45.352334408730556,2.939709959355075e-17,4.440892098500626e-16,3.1136027064737424,1.3665617524672424
3.3,20.75,8,32,8,-2.060711974859366e-18,-40.96513622161889,40.96513622161889,3.0140672541928115e-17,4.440892098500626e-16,3.1136027064737424,1.3665617524672424
3.3,20.75,8,32,8,-4.148745569837794e-18,-36.972661238945975,36.972661238945975,2.8061779830121534e-17,4.440892098500626e-16,3.1136027064737424,1.3665617524672424
3.3,20.75,8,32,8,6.245796563955864e-18,-33.30760428124314,33.30760428124314,2.7237742348571782e-17,4.440892098500626e-16,3.1136027064737424,1.3665617524672424
3.3,20.75,8,32,8,-3.7426000205048296e-18,-30.172666682276432,30.172666682276432,3.1311234109893485e-17,4.440892098500626e-16,3.1136027064737424,1.3665617524672424
3.3,20.75,8,32,8,-8.952233772615144e-18,-27.360132630472993,27.360132630472993,5.910568575745232e-17,4.440892098500626e-16,3.1136027064737424,1.3665617524672424
3.3,20.75,8,32,8,2.0614263593921827e-17,-24.404106343984136,24.404106343984136,3.3928373418429455e-17,4.440892098500626e-16,3.1136027064737424,1.3665617524672424
3.3,20.75,8,32,8,-2.7787130799179224e-18,-14.673090098699019,14.673090098699019,4.913600928196963e-17,4.440892098500626e-16,3.1136027064737424,1.3665617524672424
3.3,20.75,8,32,8,4.171105014077683e-18,-19.824382052698475,19.824382052698475,6.549759570077987e-17,4.440892098500626e-16,3.1136027064737424,1.3665617524672424
3.3,20.75,8,32,8,7.789462389887867e-19,49.56874211042054,49.56874211042054,3.3965822907165965e-17,4.440892098500626e-16,3.1136027064737424,1.3665617524672424
3.3,20.75,8,32,8,3.769685945972721e-18,44.89725480455942,44.89725480455942,8.456334523179687e-17,4.440892098500626e-16,3.1136027064737424,1.3665617524672424
3.3,20.75,8,32,8,-1.1629569056758468e-17,-10.52800844230276,10.52800844230276,6.202297864311901e-17,4.440892098500626e-16,3.1136027064737424,1.3665617524672424
3.3,20.75,8,32,8,-3.2016355448037665e-18,40.606189334361,40.606189334361,6.253542850172873e-17,4.440892098500626e-16,3.1136027064737424,1.3665617524672424
3.3,20.75,8,32,8,-4.046399900173158e-18,36.724108258946686,36.724108258946686,3.106191546002405e-17,4.440892098500626e-16,3.1136027064737424,1.3665617524672424
3.3,20.75,8,32,8,6.313190368764788e-18,33.16330498647867,33.16330498647867,2.629253928626355e-17,4.440892098500626e-16,3.1136027064737424,1.3665617524672424
3.3,20.75,8,32,8,-4.6124449710368746e-18,30.179247550618747,30.179247550618747,2.534855705334408e-17,4.440892098500626e-16,3.1136027064737424,1.3665617524672424
3.3,20.75,8,32,8,1.3185112571216976e-20,25.672879616187178,25.672879616187178,3.2866101123464046e-17,4.440892098500626e-16,3.1136027064737424,1.3665617524672424
3.3,20.75,8,32,8,-1.360838903681119e-17,27.608104508328584,27.608104508328584,7.084483758823592e-17,4.440892098500626e-16,3.1136027064737424,1.3665617524672424
3.3,20.75,8,32,8,5.377091431680287e-18,24.934396979790918,24.934396979790918,2.3460345425809774e-17,4.440892098500626e-16,3.1136027064737424,1.3665617524672424
3.3,20.75,8,32,8,-2.567518712000738e-17,23.717413666216572,23.717413666216572,1.027781457901704e-17,4.440892098500626e-16,3.1136027064737424,1.3665617524672424
3.3,20.75,8,32,8,-1.3824516024004533e-17,0.9217785558972326,0.9217785558972326,8.280870056460249e-17,4.440892098500626e-16,3.1136027064737424,1.3665617524672424
3.3,20.75,8,32,8,9.720665085100931e-15,0.02189956596133961,0.02189956596133961,5.3403094778062286e-17,4.440892098500626e-16,3.1136027064737424,1.3665617524672424
3.3,20.75,8,32,8,-3.157133320064351e-14,-0.019955568570050902,0.019955568570050902,6.073975243905536e-17,4.440892098500626e-16,3.1136027064737424,1.3665617524672424
3.3,20.75,8,32,8,-3.3415701589323155e-13,-0.007822604458920045,0.007822604458920045,1.3933488210801782e-16,4.440892098500626e-16,3.1136027064737424,1.3665617524672424
3.3,20.75,8,32,8,-0.0021217405721416886,-0.0007364055138758064,0.0022459020763022663,4.741842008973324e-17,4.440892098500626e-16,3.1136027064737424,1.3665617524672424
3.3,20.75,8,32,8,0.0021217405709892632,-0.0007364055187210743,0.0022459020768022587,2.3925112861142085e-17,4.440892098500626e-16,3.1136027064737424,1.3665617524672424
3.3,20.75,8,32,8,-0.0012530293966150912,0.0014585424224404153,0.0019228699037740265,4.202918700012018e-17,4.440892098500626e-16,3.1136027064737424,1.3665617524672424
3.3,20.75,8,32,8,0.0012530293981874799,0.0014585424248524058,0.0019228699066282185,4.0572902807020344e-17,4.440892098500626e-16,3.1136027064737424,1.3665617524672424
3.3,20.75,8,32,8,-0.0009046370609436812,0.001336539233395953,0.001613909952394948,2.9954014220424995e-17,4.440892098500626e-16,3.1136027064737424,1.3665617524672424
3.3,20.75,8,32,8,0.0009046370610625489,0.0013365392349282347,0.0016139099537305162,2.954184467096674e-17,4.440892098500626e-16,3.1136027064737424,1.3665617524672424
3.3,20.75,8,32,8,-0.0011781659790745574,0.0001497445359590082,0.0011876440966460825,4.4400524927959246e-17,4.440892098500626e-16,3.1136027064737424,1.3665617524672424
3.3,20.75,8,32,8,-0.0008484467276847322,-0.0007723601886057629,0.0011473456805436014,2.510108516358213e-17,4.440892098500626e-16,3.1136027064737424,1.3665617524672424
3.3,20.75,8,32,8,0.0011781659696628026,0.0001497445378227945,0.0011876440875444353,6.550056559939698e-17,4.440892098500626e-16,3.1136027064737424,1.3665617524672424
3.3,20.75,8,32,8,0.000848446727749894,-0.0007723601876646809,0.0011473456799582782,1.5157819540700175e-17,4.440892098500626e-16,3.1136027064737424,1.3665617524672424
3.3,20.75,8,32,8,-0.00013579235539776816,-0.001034458547385458,0.0010433331443231858,2.3217984305239505e-17,4.440892098500626e-16,3.1136027064737424,1.3665617524672424
3.3,20.75,8,32,8,0.00013579235281179443,-0.0010344585471588584,0.0010433331437619427,2.0501020479351666e-17,4.440892098500626e-16,3.1136027064737424,1.3665617524672424
3.3,20.75,8,32,8,1.089457071223636e-11,0.0008495956680245286,0.0008495956680245286,5.743349072227696e-17,4.440892098500626e-16,3.1136027064737424,1.3665617524672424
3.3,20.75,8,32,8,-0.0005268838970887735,0.00011776983120851527,0.0005398855194893964,7.926177345934792e-17,4.440892098500626e-16,3.1136027064737424,1.3665617524672424
3.3,20.75,8,32,8,-0.0003725265440064115,0.0003556207207746518,0.0005150166240361991,7.084686557143884e-17,4.440892098500626e-16,3.1136027064737424,1.3665617524672424
3.3,20.75,8,32,8,0.0005268839159237885,0.00011776983273272333,0.0005398855382033117,3.88953361279086e-17,4.440892098500626e-16,3.1136027064737424,1.3665617524672424
3.3,20.75,8,32,8,0.0003725265260126071,0.0003556207167689221,0.0005150166082547859,4.713678838281151e-17,4.440892098500626e-16,3.1136027064737424,1.3665617524672424
3.3,20.75,8,32,8,4.1742306375956784e-14,-0.0003627968008848815,0.0003627968008848815,2.796371391139494e-17,4.440892098500626e-16,3.1136027064737424,1.3665617524672424
3.3,20.75,8,32,8,6.264138710969094e-14,0.00013262480612705147,0.00013262480612705147,3.0185184977605516e-17,4.440892098500626e-16,3.1136027064737424,1.3665617524672424
3.3,20.75,8,32,8,-0.0001038051332346918,3.821009334208212e-06,0.00010387543404580423,5.706775116297398e-17,4.440892098500626e-16,3.1136027064737424,1.3665617524672424
3.3,20.75,8,32,8,0.00010380513338363897,3.821009539303285e-06,0.00010387543420219491,3.3271317218525535e-17,4.440892098500626e-16,3.1136027064737424,1.3665617524672424
3.3,20.75,8,32,8,-2.3683662440991215e-13,-5.544705870497648e-05,5.544705870497648e-05,3.91177888424571e-17,4.440892098500626e-16,3.1136027064737424,1.3665617524672424
3.3,20.75,8,32,8,-2.5124173479966664e-15,2.613006777488728e-08,2.6130067774887404e-08,5.0487965577170375e-17,4.440892098500626e-16,3.1136027064737424,1.3665617524672424
3.3,20.75,8,32,8,-1.051434338258974e-19,2.8952310390308374e-06,2.8952310390308374e-06,4.2512938274961725e-17,4.440892098500626e-16,3.1136027064737424,1.3665617524672424
3.3,20.75,9,24,8,6.869206606450636e-18,-262.7099642327873,262.7099642327873,8.135336919602155e-17,2.220446049250313e-16,3.1335275869254526,1.3669346978025931
3.3,20.75,9,24,8,-3.446878090149622e-17,254.52609154062134,254.52609154062134,9.191018446933712e-17,2.220446049250313e-16,3.1335275869254526,1.3669346978025931
3.3,20.75,9,24,8,-4.182553321861684e-15,212.48060120909267,212.48060120909267,5.852559747350975e-16,2.220446049250313e-16,3.1335275869254526,1.3669346978025931
3.3,20.75,9,24,8,-1.9299065944135447e-17,-161.0125912015458,161.0125912015458,1.0786560091866208e-17,2.220446049250313e-16,3.1335275869254526,1.3669346978025931
3.3,20.75,9,24,8,-1.8465142492262306e-14,-124.71392239456098,124.71392239456098,3.851553281446318e-17,2.220446049250313e-16,3.1335275869254526,1.3669346978025931
3.3,20.75,9,24,8,-4.1967031539774595e-15,125.21345754065703,125.21345754065703,1.3060750319177545e-16,2.220446049250313e-16,3.1335275869254526,1.3669346978025931
3.3,20.75,9,24,8,2.037506989299994e-14,120.5920470031538,120.5920470031538,1.6964446670696633e-16,2.220446049250313e-16,3.1335275869254526,1.3669346978025931
3.3,20.75,9,24,8,7.254312054588723e-16,-100.98129919048961,100.98129919048961,5.906254759625282e-18,2.220446049250313e-16,3.1335275869254526,1.3669346978025931
3.3,20.75,9,24,8,1.2115637058458944e-14,86.6627160643946,86.6627160643946,9.605050985286002e-17,2.220446049250313e-16,3.1335275869254526,1.3669346978025931
3.3,20.75,9,24,8,-8.302419511704032e-16,-76.25621456222646,76.25621456222646,9.249217287586155e-17,2.220446049250313e-16,3.1335275869254526,1.3669346978025931
3.3,20.75,9,24,8,5.02607945343846e-15,-73.54643130729494,73.54643130729494,4.179063258324581e-17,2.220446049250313e-16,3.1335275869254526,1.3669346978025931
3.3,20.75,9,24,8,-2.3679074101773706e-15,75.61422806184328,75.61422806184328,6.40321470213249e-17,2.220446049250313e-16,3.1335275869254526,1.3669346978025931
3.3,20.75,9,24,8,2.9350251276205087e-15,68.29022309066566,68.29022309066566,2.356349167756946e-17,2.220446049250313e-16,3.1335275869254526,1.3669346978025931
3.3,20.75,9,24,8,-5.658536280667401e-15,-63.12268256102744,63.12268256102744,2.8544699600781885e-17,2.220446049250313e-16,3.1335275869254526,1.3669346978025931
3.3,20.75,9,24,8,-1.0747478171992106e-16,62.14781619942687,62.14781619942687,3.858094873368334e-17,2.220446049250313e-16,3.1335275869254526,1.3669346978025931
3.3,20.75,9,24,8,-3.5939351319091336e-15,-58.08331779106509,58.08331779106509,2.3012868119852345e-17,2.220446049250313e-16,3.1335275869254526,1.3669346978025931
3.3,20.75,9,24,8,-2.048100296317524e-15,-52.23351706190563,52.23351706190563,2.4657140359949352e-17,2.220446049250313e-16,3.1335275869254526,1.3669346978025931
3.3,20.75,9,24,8,6.171105695256284e-16,-47.36085662826894,47.36085662826894,1.563591116531093e-17,2.220446049250313e-16,3.1335275869254526,1.3669346978025931
3.3,20.75,9,24,8,-3.5731848933015457e-16,-42.79417827385122,42.79417827385122,1.5333338317272678e-17,2.220446049250313e-16,3.1335275869254526,1.3669346978025931
3.3,20.75,9,24,8,-6.757103957145276e-17,-38.597085352585474,38.597085352585474,1.6474596886243842e-17,2.220446049250313e-16,3.1335275869254526,1.3669346978025931
3.3,20.75,9,24,8,6.071424381949759e-16,-34.748807583160186,34.748807583160186,1.847653379580814e-17,2.220446049250313e-16,3.1335275869254526,1.3669346978025931
3.3,20.75,9,24,8,-1.5625613848332782e-15,-31.311792914500067,31.311792914500067,1.870504237046767e-17,2.220446049250313e-16,3.1335275869254526,1.3669346978025931
3.3,20.75,9,24,8,8.108003670122731e-14,-28.40253866013295,28.40253866013295,3.631346844857673e-17,2.220446049250313e-16,3.1335275869254526,1.3669346978025931
3.3,20.75,9,24,8,1.8486168384072707e-13,-18.682898281195015,18.682898281195015,8.026234211668003e-17,2.220446049250313e-16,3.1335275869254526,1.3669346978025931
3.3,20.75,9,24,8,-2.650692417681111e-13,-25.21921045658278,25.21921045658278,2.3503430763740722e-17,2.220446049250313e-16,3.1335275869254526,1.3669346978025931
3.3,20.75,9,24,8,2.8683781072660813e-15,-21.939743743750785,21.939743743750785,4.4214390129864525e-17,2.220446049250313e-16,3.1335275869254526,1.3669346978025931
3.3,20.75,9,24,8,7.305865138540161e-18,57.03007142100413,57.03007142100413,3.315308579281336e-17,2.220446049250313e-16,3.1335275869254526,1.3669346978025931
3.3,20.75,9,24,8,2.5144182867089463e-17,51.62743499583749,51.62743499583749,2.1243915539504693e-17,2.220446049250313e-16,3.1335275869254526,1.3669346978025931
3.3,20.75,9,24,8,7.426829904289182e-19,46.80615679166007,46.80615679166007,2.947767699190949e-17,2.220446049250313e-16,3.1335275869254526,1.3669346978025931
3.3,20.75,9,24,8,-9.337940260204462e-18,-11.82627787385598,11.82627787385598,3.3709491535400874e-17,2.220446049250313e-16,3.1335275869254526,1.3669346978025931
3.3,20.75,9,24,8,-3.352465623409163e-17,42.31793391087376,42.31793391087376,1.5816746872188239e-16,2.220446049250313e-16,3.1335275869254526,1.3669346978025931
3.3,20.75,9,24,8,3.2424993458492494e-17,38.24492283401857,38.24492283401857,3.64300636196396e-17,2.220446049250313e-16,3.1335275869254526,1.3669346978025931
3.3,20.75,9,24,8,3.160293297423998e-18,34.51021593648114,34.51021593648114,2.9483229449003446e-17,2.220446049250313e-16,3.1335275869254526,1.3669346978025931
3.3,20.75,9,24,8,-1.3631217043802313e-18,31.21915765452512,31.21915765452512,2.1828041611418513e-17,2.220446049250313e-16,3.1335275869254526,1.3669346978025931
3.3,20.75,9,24,8,1.3734177187412662e-18,22.61300326881744,22.61300326881744,1.8679383994910985e-17,2.220446049250313e-16,3.1335275869254526,1.3669346978025931
3.3,20.75,9,24,8,-1.649378091568979e-17,28.544292695044962,28.544292695044962,2.1235318741204894e-17,2.220446049250313e-16,3.1335275869254526,1.3669346978025931
3.3,20.75,9,24,8,-1.1341975206874606e-17,23.78373003249277,23.78373003249277,8.252790323925405e-18,2.220446049250313e-16,3.1335275869254526,1.3669346978025931
3.3,20.75,9,24,8,-4.454404195140765e-16,25.744381959078197,25.744381959078197,2.2927887611858768e-17,2.220446049250313e-16,3.1335275869254526,1.3669346978025931
3.3,20.75,9,24,8,1.7752031978192802e-16,1.451338220918217,1.451338220918217,2.4308072334000585e-17,2.220446049250313e-16,3.1335275869254526,1.3669346978025931
3.3,20.75,9,24,8,9.385458674716971e-14,0.025438724677569743,0.025438724677569743,7.299218783513467e-17,2.220446049250313e-16,3.1335275869254526,1.3669346978025931
3.3,20.75,9,24,8,9.176739346120403e-12,-0.010721993767982002,0.010721993767982002,2.507806196758939e-16,2.220446049250313e-16,3.1335275869254526,1.3669346978025931
3.3,20.75,9,24,8,-0.0035527880972523657,-0.004279506997168177,0.005562057479277742,9.181094380811236e-17,2.220446049250313e-16,3.1335275869254526,1.3669346978025931
3.3,20.75,9,24,8,0.00355278808998399,-0.00427950698973719,0.0055620574689175546,8.473658681418645e-17,2.220446049250313e-16,3.1335275869254526,1.3669346978025931
3.3,20.75,9,24,8,-0.004226813956033681,0.000505507439399246,0.004256934811599666,4.708642984991616e-17,2.220446049250313e-16,3.1335275869254526,1.3669346978025931
3.3,20.75,9,24,8,-3.542065695820596e-14,0.004353184697643039,0.004353184697643039,5.739785866498322e-17,2.220446049250313e-16,3.1335275869254526,1.3669346978025931
3.3,20.75,9,24,8,0.0042268139540683845,0.0005055074359809939,0.00425693480924236,3.905571174608899e-17,2.220446049250313e-16,3.1335275869254526,1.3669346978025931
3.3,20.75,9,24,8,-0.001571187314501321,-0.003780187758518752,0.004093708473609827,1.0636558157533713e-16,2.220446049250313e-16,3.1335275869254526,1.3669346978025931
3.3,20.75,9,24,8,0.0015711873145002168,-0.0037801877592989505,0.004093708474329849,1.0425220466820713e-16,2.220446049250313e-16,3.1335275869254526,1.3669346978025931
3.3,20.75,9,24,8,3.8669634963154936e-14,0.002010947247338358,0.002010947247338358,5.0622785710194335e-17,2.220446049250313e-16,3.1335275869254526,1.3669346978025931
3.3,20.75,9,24,8,-0.0016647982695412002,0.0008498527492623821,0.0018691717346718585,9.804758180297643e-17,2.220446049250313e-16,3.1335275869254526,1.3669346978025931
3.3,20.75,9,24,8,0.0016647982627285452,0.0008498527477969901,0.0018691717279378255,6.462864406665858e-17,2.220446049250313e-16,3.1335275869254526,1.3669346978025931
3.3,20.75,9,24,8,-0.0007495964844447439,-0.00029792979468111063,0.0008066331582886039,1.0216463834730482e-16,2.220446049250313e-16,3.1335275869254526,1.3669346978025931
3.3,20.75,9,24,8,-0.0006350824803652117,0.0002381737178667769,0.0006782746322466384,7.305599529571037e-17,2.220446049250313e-16,3.1335275869254526,1.3669346978025931
3.3,20.75,9,24,8,-8.650477904355684e-12,0.0006805092948590874,0.0006805092948590874,8.48947308398527e-17,2.220446049250313e-16,3.1335275869254526,1.3669346978025931
3.3,20.75,9,24,8,0.0007495964978452545,-0.0002979297952017249,0.0008066331709338591,9.288084383021877e-17,2.220446049250313e-16,3.1335275869254526,1.3669346978025931
3.3,20.75,9,24,8,0.0006350824823890734,0.00023817371676563634,0.0006782746337549602,6.706976731697601e-17,2.220446049250313e-16,3.1335275869254526,1.3669346978025931
3.3,20.75,9,24,8,-1.6827561095824807e-19,-3.50276161698179e-05,3.50276161698179e-05,5.168639359180715e-17,2.220446049250313e-16,3.1335275869254526,1.3669346978025931
3.3,20.75,9,24,8,6.092646375850261e-20,-2.5325081466648383e-06,2.5325081466648383e-06,5.909808862195352e-17,2.220446049250313e-16,3.1335275869254526,1.3669346978025931
3.3,20.75,9,32,8,-2.3822851455364554e-20,-263.09134319545325,263.09134319545325,1.5477638388621274e-16,4.440892098500626e-16,3.1136027064737424,1.3665617524672424
3.3,20.75,9,32,8,1.3345366586998755e-20,218.87666177464064,218.87666177464064,1.892550422042891e-17,4.440892098500626e-16,3.1136027064737424,1.3665617524672424
3.3,20.75,9,32,8,-2.93171624574765e-19,182.9884499713703,182.9884499713703,4.768798112123603e-17,4.440892098500626e-16,3.1136027064737424,1.3665617524672424
3.3,20.75,9,32,8,-3.398201668330214e-19,-185.18031157030234,185.18031157030234,3.1449415739482513e-17,4.440892098500626e-16,3.1136027064737424,1.3665617524672424
3.3,20.75,9,32,8,-9.489333269574459e-20,-173.89376122901012,173.89376122901012,3.249537455763459e-17,4.440892098500626e-16,3.1136027064737424,1.3665617524672424
3.3,20.75,9,32,8,-3.356707479812249e-20,153.95058861249,153.95058861249,7.602847779851112e-18,4.440892098500626e-16,3.1136027064737424,1.3665617524672424
3.3,20.75,9,32,8,-3.017564336910205e-19,130.05048109127253,130.05048109127253,7.683159538619024e-17,4.440892098500626e-16,3.1136027064737424,1.3665617524672424
3.3,20.75,9,32,8,-5.180232248876269e-19,-132.20667178978508,132.20667178978508,4.3758041368191076e-17,4.440892098500626e-16,3.1136027064737424,1.3665617524672424
3.3,20.75,9,32,8,3.8065862725307245e-19,-127.50756228593767,127.50756228593767,1.0821717286162294e-17,4.440892098500626e-16,3.1136027064737424,1.3665617524672424
3.3,20.75,9,32,8,-2.4564042672080783e-19,118.3417075952644,118.3417075952644,4.904653167756355e-18,4.440892098500626e-16,3.1136027064737424,1.3665617524672424
3.3,20.75,9,32,8,2.228974879578564e-18,-103.95833999040337,103.95833999040337,1.3207828199106356e-17,4.440892098500626e-16,3.1136027064737424,1.3665617524672424
3.3,20.75,9,32,8,-1.4104286999432396e-18,-99.79907697415926,99.79907697415926,9.546951023104313e-17,4.440892098500626e-16,3.1136027064737424,1.3665617524672424
3.3,20.75,9,32,8,1.3850283123021478e-18,101.54355936355115,101.54355936355115,1.1197723365945013e-16,4.440892098500626e-16,3.1136027064737424,1.3665617524672424
3.3,20.75,9,32,8,-2.1931088975350474e-18,97.93606422356929,97.93606422356929,8.962801760981026e-17,4.440892098500626e-16,3.1136027064737424,1.3665617524672424
3.3,20.75,9,32,8,-4.1594120691934876e-19,88.9517401028922,88.9517401028922,4.178082254462588e-17,4.440892098500626e-16,3.1136027064737424,1.3665617524672424
3.3,20.75,9,32,8,-1.7020043527100838e-18,-90.01389854582345,90.01389854582345,3.024694475240184e-17,4.440892098500626e-16,3.1136027064737424,1.3665617524672424
3.3,20.75,9,32,8,2.5457552935451908e-18,-83.21271230370964,83.21271230370964,2.5539561844488663e-17,4.440892098500626e-16,3.1136027064737424,1.3665617524672424
3.3,20.75,9,32,8,-9.580301215533315e-19,-76.03183356183898,76.03183356183898,1.4611282200067542e-17,4.440892098500626e-16,3.1136027064737424,1.3665617524672424
3.3,20.75,9,32,8,2.5161907836683616e-18,82.16362539636627,82.16362539636627,3.0873413979382557e-17,4.440892098500626e-16,3.1136027064737424,1.3665617524672424
3.3,20.75,9,32,8,-1.5767139655851323e-18,75.15050939250709,75.15050939250709,2.7053140325170088e-17,4.440892098500626e-16,3.1136027064737424,1.3665617524672424
3.3,20.75,9,32,8,-2.4164499253444954e-18,-69.52528050228929,69.52528050228929,1.610407884417725e-17,4.440892098500626e-16,3.1136027064737424,1.3665617524672424
3.3,20.75,9,32,8,-1.7846494706879034e-18,68.6983649856898,68.6983649856898,3.0459486489827446e-17,4.440892098500626e-16,3.1136027064737424,1.3665617524672424
3.3,20.75,9,32,8,2.5547524174916187e-18,-63.45623723456141,63.45623723456141,1.5344001736908922e-17,4.440892098500626e-16,3.1136027064737424,1.3665617524672424
3.3,20.75,9,32,8,2.8628181183663882e-18,62.6741319822943,62.6741319822943,2.4006714851974326e-17,4.440892098500626e-16,3.1136027064737424,1.3665617524672424
3.3,20.75,9,32,8,4.2427226592687696e-19,-57.69317275636523,57.69317275636523,1.5332222853860407e-17,4.440892098500626e-16,3.1136027064737424,1.3665617524672424
3.3,20.75,9,32,8,2.041063706961266e-18,56.964815748744996,56.964815748744996,6.990387793358261e-17,4.440892098500626e-16,3.1136027064737424,1.3665617524672424
3.3,20.75,9,32,8,-3.4068302933583546e-18,-52.30525032465973,52.30525032465973,1.486343745234077e-17,4.440892098500626e-16,3.1136027064737424,1.3665617524672424
3.3,20.75,9,32,8,2.394691840055773e-18,-47.370652745946934,47.370652745946934,1.521664877690485e-17,4.440892098500626e-16,3.1136027064737424,1.3665617524672424
3.3,20.75,9,32,8,2.0187343485162306e-18,-42.79206926063747,42.79206926063747,1.5716363785434012e-17,4.440892098500626e-16,3.1136027064737424,1.3665617524672424
3.3,20.75,9,32,8,-5.2041057333590845e-18,-38.596760220119236,38.596760220119236,1.7061114759609738e-17,4.440892098500626e-16,3.1136027064737424,1.3665617524672424
3.3,20.75,9,32,8,2.9524052491183458e-18,-34.748896358308855,34.748896358308855,1.6425678417437358e-17,4.440892098500626e-16,3.1136027064737424,1.3665617524672424
3.3,20.75,9,32,8,4.632617502756028e-18,-31.311646385868706,31.311646385868706,1.7595917829178692e-17,4.440892098500626e-16,3.1136027064737424,1.3665617524672424
3.3,20.75,9,32,8,-1.2735874760536713e-17,-28.402637324543022,28.402637324543022,2.1315768317364658e-17,4.440892098500626e-16,3.1136027064737424,1.3665617524672424
3.3,20.75,9,32,8,1.3245752265286315e-19,-15.788536879507861,15.788536879507861,6.937108678650147e-17,4.440892098500626e-16,3.1136027064737424,1.3665617524672424
3.3,20.75,9,32,8,1.9325072390818444e-17,-25.2192872650564,25.2192872650564,4.732114050238956e-17,4.440892098500626e-16,3.1136027064737424,1.3665617524672424
3.3,20.75,9,32,8,3.590918852294411e-18,-21.942716279703657,21.942716279703657,6.871420030480225e-17,4.440892098500626e-16,3.1136027064737424,1.3665617524672424
3.3,20.75,9,32,8,-5.704237290892468e-18,51.663678496895955,51.663678496895955,4.712060131991166e-17,4.440892098500626e-16,3.1136027064737424,1.3665617524672424
3.3,20.75,9,32,8,5.7910089196529295e-18,-11.82630628414986,11.82630628414986,9.86419306974155e-17,4.440892098500626e-16,3.1136027064737424,1.3665617524672424
3.3,20.75,9,32,8,2.988859729384856e-18,46.80764371512707,46.80764371512707,5.30190986359337e-17,4.440892098500626e-16,3.1136027064737424,1.3665617524672424
3.3,20.75,9,32,8,9.465087358438975e-19,42.31664465735669,42.31664465735669,8.339223051076105e-17,4.440892098500626e-16,3.1136027064737424,1.3665617524672424
3.3,20.75,9,32,8,-2.541521820402319e-16,0.9410639244062377,0.9410639244062377,2.352102617809056e-16,4.440892098500626e-16,3.1136027064737424,1.3665617524672424
3.3,20.75,9,32,8,-6.266135117238448e-18,38.24534843229452,38.24534843229452,3.5524000552021784e-17,4.440892098500626e-16,3.1136027064737424,1.3665617524672424
3.3,20.75,9,32,8,3.854803715868661e-18,34.510097498312206,34.510097498312206,2.740481774246776e-17,4.440892098500626e-16,3.1136027064737424,1.3665617524672424
3.3,20.75,9,32,8,-1.6557570412205246e-18,31.219004565230122,31.219004565230122,8.074009230177039e-17,4.440892098500626e-16,3.1136027064737424,1.3665617524672424
3.3,20.75,9,32,8,1.4646808732340492e-17,23.783727848412077,23.783727848412077,2.5448697178680557e-16,4.440892098500626e-16,3.1136027064737424,1.3665617524672424
3.3,20.75,9,32,8,-1.2512672629973544e-18,26.160387820245845,26.160387820245845,2.466768179425296e-17,4.440892098500626e-16,3.1136027064737424,1.3665617524672424
3.3,20.75,9,32,8,2.5341823668691126e-16,25.7443257833985,25.7443257833985,2.5649258657797348e-17,4.440892098500626e-16,3.1136027064737424,1.3665617524672424
3.3,20.75,9,32,8,5.930882011443461e-16,28.544424211129005,28.544424211129005,1.0532577145253872e-16,4.440892098500626e-16,3.1136027064737424,1.3665617524672424
3.3,20.75,9,32,8,-5.367849297936261e-13,0.025468209229035723,0.025468209229035723,1.8836312121546372e-16,4.440892098500626e-16,3.1136027064737424,1.3665617524672424
3.3,20.75,9,32,8,5.017544694866412e-13,-0.01087610123158154,0.01087610123158154,7.691206236944568e-17,4.440892098500626e-16,3.1136027064737424,1.3665617524672424
3.3,20.75,9,32,8,-8.292894093761699e-13,-0.004648422000763991,0.004648422000763991,6.880767288706816e-17,4.440892098500626e-16,3.1136027064737424,1.3665617524672424
3.3,20.75,9,32,8,1.3895679753833933e-12,0.004041249922359802,0.004041249922359802,1.7946179131540723e-16,4.440892098500626e-16,3.1136027064737424,1.3665617524672424
3.3,20.75,9,32,8,0.001769049338318156,-0.0011391574970694494,0.0021040949038799175,1.8810459673376938e-17,4.440892098500626e-16,3.1136027064737424,1.3665617524672424
3.3,20.75,9,32,8,-0.0017690493388436434,-0.0011391574933048356,0.002104094902283566,2.461091987641499e-17,4.440892098500626e-16,3.1136027064737424,1.3665617524672424
3.3,20.75,9,32,8,8.205027282441565e-15,0.0018243269230438987,0.0018243269230438987,8.69456858831369e-17,4.440892098500626e-16,3.1136027064737424,1.3665617524672424
3.3,20.75,9,32,8,0.001366964543033266,-4.4061705095508236e-05,0.0013676744845781358,4.723934564739166e-17,4.440892098500626e-16,3.1136027064737424,1.3665617524672424
3.3,20.75,9,32,8,-0.0013669645347612583,-4.4061716903803944e-05,0.001367674476690844,1.239553711784978e-16,4.440892098500626e-16,3.1136027064737424,1.3665617524672424
3.3,20.75,9,32,8,-0.0004075081683565531,-0.0013375732766273947,0.0013982722115614891,9.497297939323647e-17,4.440892098500626e-16,3.1136027064737424,1.3665617524672424
3.3,20.75,9,32,8,0.0004075081692105257,-0.0013375733013562886,0.001398272235465782,5.191535378282033e-17,4.440892098500626e-16,3.1136027064737424,1.3665617524672424
3.3,20.75,9,32,8,1.1703833644953187e-11,-0.0011200554679741141,0.0011200554679741141,6.934508676066662e-17,4.440892098500626e-16,3.1136027064737424,1.3665617524672424
3.3,20.75,9,32,8,0.0006763958856672228,0.0002479175260751353,0.0007203988436156475,7.997570684259816e-17,4.440892098500626e-16,3.1136027064737424,1.3665617524672424
3.3,20.75,9,32,8,-0.0006763958881799122,0.0002479175188091788,0.0007203988434743574,7.054310170111582e-17,4.440892098500626e-16,3.1136027064737424,1.3665617524672424
3.3,20.75,9,32,8,-0.0003828944948808568,0.0005654874348562854,0.000682923299639431,6.098859304686947e-17,4.440892098500626e-16,3.1136027064737424,1.3665617524672424
3.3,20.75,9,32,8,0.00038289448395979135,0.0005654874270738825,0.0006829232870721824,8.198388585027069e-17,4.440892098500626e-16,3.1136027064737424,1.3665617524672424
3.3,20.75,9,32,8,-5.766486355444629e-12,0.0006556537946650494,0.0006556537946650494,5.934431922345118e-17,4.440892098500626e-16,3.1136027064737424,1.3665617524672424
3.3,20.75,9,32,8,0.0002294445881533916,-0.0004846799547577143,0.0005362457249963112,7.283293005052698e-17,4.440892098500626e-16,3.1136027064737424,1.3665617524672424
3.3,20.75,9,32,8,0.00026413012468755185,-0.0003578188485102477,0.0004447460523901941,6.815946596228062e-17,4.440892098500626e-16,3.1136027064737424,1.3665617524672424
3.3,20.75,9,32,8,-0.00022944458983641336,-0.0004846799738986075,0.0005362457430167206,8.43348082404767e-17,4.440892098500626e-16,3.1136027064737424,1.3665617524672424
3.3,20.75,9,32,8,-0.0002641301247481943,-0.0003578188441740197,0.00044474604893751223,8.194439582794812e-17,4.440892098500626e-16,3.1136027064737424,1.3665617524672424
3.3,20.75,9,32,8,-2.78185959428117e-13,0.0002002642143680001,0.0002002642143680001,6.091088794945222e-17,4.440892098500626e-16,3.1136027064737424,1.3665617524672424
3.3,20.75,9,32,8,9.244342001492691e-05,3.903011279306497e-05,0.00010034508263335859,5.224176506446174e-17,4.440892098500626e-16,3.1136027064737424,1.3665617524672424
3.3,20.75,9,32,8,-9.244341960688141e-05,3.903011339685991e-05,0.00010034508249229601,5.5180980168101945e-17,4.440892098500626e-16,3.1136027064737424,1.3665617524672424
3.3,20.75,9,32,8,4.583682766733463e-06,1.4562927411115282e-05,1.5267252617529527e-05,4.616544245443094e-17,4.440892098500626e-16,3.1136027064737424,1.3665617524672424
3.3,20.75,9,32,8,-4.583682791082607e-06,1.4562906754450315e-05,1.52672329211315e-05,4.8921594470342917e-17,4.440892098500626e-16,3.1136027064737424,1.3665617524672424
3.3,20.75,9,32,8,-3.467638882912869e-22,-5.3385825576521196e-08,5.3385825576521196e-08,1.2672981627603101e-17,4.440892098500626e-16,3.1136027064737424,1.3665617524672424
3.3,20.75,10,24,8,6.940590899187584e-21,-263.63915229877864,263.63915229877864,6.162983766352727e-17,2.220446049250313e-16,3.1335275869254526,1.3669346978025931
3.3,20.75,10,24,8,-6.754056243374838e-21,254.52756528587668,254.52756528587668,7.863338377940766e-17,2.220446049250313e-16,3.1335275869254526,1.3669346978025931
3.3,20.75,10,24,8,4.096410999625942e-21,245.64552408912925,245.64552408912925,1.5724175925296716e-16,2.220446049250313e-16,3.1335275869254526,1.3669346978025931
3.3,20.75,10,24,8,1.1378313629247537e-20,-187.79101370855466,187.79101370855466,8.781455677037907e-17,2.220446049250313e-16,3.1335275869254526,1.3669346978025931
3.3,20.75,10,24,8,-4.503890929186222e-21,141.52036520397508,141.52036520397508,1.7796449552360552e-17,2.220446049250313e-16,3.1335275869254526,1.3669346978025931
3.3,20.75,10,24,8,3.8019285860941873e-19,-125.56320607429704,125.56320607429704,5.580955638762079e-17,2.220446049250313e-16,3.1335275869254526,1.3669346978025931
3.3,20.75,10,24,8,-5.265899984669893e-20,120.84071735251304,120.84071735251304,6.747599313194165e-17,2.220446049250313e-16,3.1335275869254526,1.3669346978025931
3.3,20.75,10,24,8,-7.40312762634485e-20,-114.18091056663977,114.18091056663977,1.5515651912829428e-17,2.220446049250313e-16,3.1335275869254526,1.3669346978025931
3.3,20.75,10,24,8,-8.333214832882104e-20,95.48728775485527,95.48728775485527,9.969408543079118e-18,2.220446049250313e-16,3.1335275869254526,1.3669346978025931
3.3,20.75,10,24,8,4.487065413722575e-19,-81.5467647467705,81.5467647467705,3.5430898080337535e-18,2.220446049250313e-16,3.1335275869254526,1.3669346978025931
3.3,20.75,10,24,8,-7.539911376626865e-19,-76.04770814995067,76.04770814995067,1.4872091182845966e-16,2.220446049250313e-16,3.1335275869254526,1.3669346978025931
3.3,20.75,10,24,8,-2.563549097443027e-19,76.08866870915462,76.08866870915462,2.3619403089283384e-17,2.220446049250313e-16,3.1335275869254526,1.3669346978025931
3.3,20.75,10,24,8,-1.0697732947123224e-18,73.15232958727076,73.15232958727076,6.217115132152671e-18,2.220446049250313e-16,3.1335275869254526,1.3669346978025931
3.3,20.75,10,24,8,3.7195794936542466e-20,-66.03082483204103,66.03082483204103,3.063842607054178e-17,2.220446049250313e-16,3.1335275869254526,1.3669346978025931
3.3,20.75,10,24,8,8.960657336044276e-19,63.87101350802988,63.87101350802988,1.5278732815610853e-17,2.220446049250313e-16,3.1335275869254526,1.3669346978025931
3.3,20.75,10,24,8,2.630089884911128e-18,-60.64278774701146,60.64278774701146,4.8555593989213206e-17,2.220446049250313e-16,3.1335275869254526,1.3669346978025931
3.3,20.75,10,24,8,2.1202194268077394e-18,59.5595581002613,59.5595581002613,2.4401874266622056e-17,2.220446049250313e-16,3.1335275869254526,1.3669346978025931
3.3,20.75,10,24,8,-2.5551172228540163e-18,-54.57611242616033,54.57611242616033,3.0491679864955656e-17,2.220446049250313e-16,3.1335275869254526,1.3669346978025931
3.3,20.75,10,24,8,-3.4346112563156097e-18,53.770390275808516,53.770390275808516,1.3978018503034084e-17,2.220446049250313e-16,3.1335275869254526,1.3669346978025931
3.3,20.75,10,24,8,-6.099226040992514e-19,-49.419233095158525,49.419233095158525,4.26352298584915e-17,2.220446049250313e-16,3.1335275869254526,1.3669346978025931
3.3,20.75,10,24,8,2.348044339364233e-19,48.75388908745924,48.75388908745924,1.5096154830705766e-17,2.220446049250313e-16,3.1335275869254526,1.3669346978025931
3.3,20.75,10,24,8,4.224991571346431e-18,-44.68912949411169,44.68912949411169,3.387819958772772e-17,2.220446049250313e-16,3.1335275869254526,1.3669346978025931
3.3,20.75,10,24,8,-2.768428421226456e-18,-40.287698955808125,40.287698955808125,4.17990426807527e-17,2.220446049250313e-16,3.1335275869254526,1.3669346978025931
3.3,20.75,10,24,8,-1.6244283627419983e-18,-36.26552431992287,36.26552431992287,2.7712828772263405e-17,2.220446049250313e-16,3.1335275869254526,1.3669346978025931
3.3,20.75,10,24,8,7.520851659926868e-18,-32.584885902463895,32.584885902463895,3.2578698700520096e-17,2.220446049250313e-16,3.1335275869254526,1.3669346978025931
3.3,20.75,10,24,8,-6.947231833517922e-18,-29.464391261592812,29.464391261592812,4.074805521482517e-17,2.220446049250313e-16,3.1335275869254526,1.3669346978025931
3.3,20.75,10,24,8,-1.2881566825807255e-19,-19.627738024500033,19.627738024500033,5.019378893778747e-17,2.220446049250313e-16,3.1335275869254526,1.3669346978025931
3.3,20.75,10,24,8,5.256581546605037e-18,-26.370371966323646,26.370371966323646,7.02298289690132e-17,2.220446049250313e-16,3.1335275869254526,1.3669346978025931
3.3,20.75,10,24,8,7.635943756942336e-18,-23.82984488361104,23.82984488361104,8.988988014466113e-17,2.220446049250313e-16,3.1335275869254526,1.3669346978025931
3.3,20.75,10,24,8,1.754638644260627e-18,-13.192819097737184,13.192819097737184,1.465030874886651e-17,2.220446049250313e-16,3.1335275869254526,1.3669346978025931
3.3,20.75,10,24,8,3.737711481260931e-18,44.08367336549042,44.08367336549042,6.680657569111268e-17,2.220446049250313e-16,3.1335275869254526,1.3669346978025931
3.3,20.75,10,24,8,-4.475196849949695e-18,39.80111453896111,39.80111453896111,1.9758933931625758e-17,2.220446049250313e-16,3.1335275869254526,1.3669346978025931
3.3,20.75,10,24,8,-1.314602078649958e-18,35.90500527325463,35.90500527325463,2.7871305369462854e-17,2.220446049250313e-16,3.1335275869254526,1.3669346978025931
3.3,20.75,10,24,8,7.212469177593783e-18,32.34762601414307,32.34762601414307,2.2460096380074545e-17,2.220446049250313e-16,3.1335275869254526,1.3669346978025931
3.3,20.75,10,24,8,1.8449098058017193e-19,22.978498702763257,22.978498702763257,1.1805071095260877e-16,2.220446049250313e-16,3.1335275869254526,1.3669346978025931
3.3,20.75,10,24,8,-9.987466552193991e-18,29.43779174780839,29.43779174780839,2.5752032902326078e-17,2.220446049250313e-16,3.1335275869254526,1.3669346978025931
3.3,20.75,10,24,8,1.7774489032311155e-17,23.9806887581578,23.9806887581578,1.696449620222709e-17,2.220446049250313e-16,3.1335275869254526,1.3669346978025931
3.3,20.75,10,24,8,-3.4503821463457936e-18,26.63813180960353,26.63813180960353,2.910544667259848e-17,2.220446049250313e-16,3.1335275869254526,1.3669346978025931
3.3,20.75,10,24,8,-8.219534905379249e-20,1.4392246328579081,1.4392246328579081,6.490035665067224e-17,2.220446049250313e-16,3.1335275869254526,1.3669346978025931
3.3,20.75,10,24,8,2.6467490272936953e-14,0.03383945827625773,0.03383945827625773,9.825673662653156e-17,2.220446049250313e-16,3.1335275869254526,1.3669346978025931
3.3,20.75,10,24,8,2.065707820198842e-13,-0.013267348964560232,0.013267348964560232,1.4045983619286813e-16,2.220446049250313e-16,3.1335275869254526,1.3669346978025931
3.3,20.75,10,24,8,-0.005280178336949179,0.0019477950837973603,0.005627982672188371,1.187920293657343e-17,2.220446049250313e-16,3.1335275869254526,1.3669346978025931
3.3,20.75,10,24,8,0.005280178336659773,0.0019477950814464752,0.00562798267110323,1.5859269742081383e-16,2.220446049250313e-16,3.1335275869254526,1.3669346978025931
3.3,20.75,10,24,8,-0.0007038923962190774,0.003514174152730326,0.0035839760715123277,6.197746825291272e-17,2.220446049250313e-16,3.1335275869254526,1.3669346978025931
3.3,20.75,10,24,8,0.0007038923955244089,0.0035141741516642633,0.003583976070330595,3.725631042233661e-17,2.220446049250313e-16,3.1335275869254526,1.3669346978025931
3.3,20.75,10,24,8,-0.0031436404158415635,0.0007686266467104907,0.003236241954203352,4.4355090066317365e-17,2.220446049250313e-16,3.1335275869254526,1.3669346978025931
3.3,20.75,10,24,8,-0.0018022649726159269,-0.0027638180637976142,0.0032995225899048303,6.801907383907395e-17,2.220446049250313e-16,3.1335275869254526,1.3669346978025931
3.3,20.75,10,24,8,0.0018022649726158729,-0.002763818063798112,0.003299522589905218,3.978564036906715e-17,2.220446049250313e-16,3.1335275869254526,1.3669346978025931
3.3,20.75,10,24,8,0.003143640416592666,0.0007686266461899084,0.003236241954809321,6.712635164783271e-17,2.220446049250313e-16,3.1335275869254526,1.3669346978025931
3.3,20.75,10,24,8,-0.001962478345792039,-0.00014705225870182155,0.0019679800874226254,5.2177286647759e-17,2.220446049250313e-16,3.1335275869254526,1.3669346978025931
3.3,20.75,10,24,8,0.001962478345792587,-0.0001470522587092001,0.0019679800874237235,7.323372047885327e-17,2.220446049250313e-16,3.1335275869254526,1.3669346978025931
3.3,20.75,10,24,8,-7.478090062812247e-15,0.0010851196489792207,0.0010851196489792207,4.223820089799078e-17,2.220446049250313e-16,3.1335275869254526,1.3669346978025931
3.3,20.75,10,24,8,-0.00040641632121995774,-0.0007436543418297256,0.0008474644572347363,5.574964258692672e-17,2.220446049250313e-16,3.1335275869254526,1.3669346978025931
3.3,20.75,10,24,8,0.0004064163211450973,-0.0007436543418323251,0.0008474644572011168,2.8682463533400457e-17,2.220446049250313e-16,3.1335275869254526,1.3669346978025931
3.3,20.75,10,24,8,8.178409223543445e-14,-0.0009431962619571489,0.0009431962619571489,3.936589663880959e-17,2.220446049250313e-16,3.1335275869254526,1.3669346978025931
3.3,20.75,10,24,8,2.8865093429957542e-18,0.0003360905866243052,0.0003360905866243052,5.183210079029961e-17,2.220446049250313e-16,3.1335275869254526,1.3669346978025931
3.3,20.75,10,24,8,-1.2377397731368268e-19,-1.924911015094404e-05,1.924911015094404e-05,2.0565973693472115e-17,2.220446049250313e-16,3.1335275869254526,1.3669346978025931
3.3,20.75,10,24,8,-2.3540185358671826e-20,1.2336123994936033e-06,1.2336123994936033e-06,2.0222015654153753e-17,2.220446049250313e-16,3.1335275869254526,1.3669346978025931
3.3,20.75,10,32,8,-1.6297748860420282e-20,247.15102302224975,247.15102302224975,7.068184953674524e-18,4.440892098500626e-16,3.1136027064737424,1.3665617524672424
3.3,20.75,10,32,8,5.308885527852669e-21,-196.85809674126043,196.85809674126043,1.2675372927088223e-16,4.440892098500626e-16,3.1136027064737424,1.3665617524672424
3.3,20.75,10,32,8,-5.1817160631803106e-20,-185.75818026944356,185.75818026944356,1.5729453351983756e-16,4.440892098500626e-16,3.1136027064737424,1.3665617524672424
3.3,20.75,10,32,8,-1.0281875052271795e-19,183.32164916756523,183.32164916756523,2.4161362335304266e-16,4.440892098500626e-16,3.1136027064737424,1.3665617524672424
3.3,20.75,10,32,8,-6.76328245654587e-20,170.64136673769337,170.64136673769337,5.261855679249787e-18,4.440892098500626e-16,3.1136027064737424,1.3665617524672424
3.3,20.75,10,32,8,-1.392611933099573e-19,-141.66834843871783,141.66834843871783,3.656598016434825e-17,4.440892098500626e-16,3.1136027064737424,1.3665617524672424
3.3,20.75,10,32,8,3.3423748943550394e-19,-132.27597609530196,132.27597609530196,1.6541028198890893e-16,4.440892098500626e-16,3.1136027064737424,1.3665617524672424
3.3,20.75,10,32,8,-4.0333169845759733e-19,130.4962265598042,130.4962265598042,2.042673777420532e-16,4.440892098500626e-16,3.1136027064737424,1.3665617524672424
3.3,20.75,10,32,8,1.2174622917945705e-19,128.6366436842855,128.6366436842855,2.573853766548006e-17,4.440892098500626e-16,3.1136027064737424,1.3665617524672424
3.3,20.75,10,32,8,1.274070516440619e-18,-111.20309373162385,111.20309373162385,1.5322539617235827e-17,4.440892098500626e-16,3.1136027064737424,1.3665617524672424
3.3,20.75,10,32,8,-1.0035072501936503e-19,-101.67802043412551,101.67802043412551,1.113060705567432e-16,4.440892098500626e-16,3.1136027064737424,1.3665617524672424
3.3,20.75,10,32,8,2.071049122899198e-18,105.14678224238828,105.14678224238828,9.48264856487592e-18,4.440892098500626e-16,3.1136027064737424,1.3665617524672424
3.3,20.75,10,32,8,-7.112826722659824e-19,101.38508556017338,101.38508556017338,1.0345733674668725e-16,4.440892098500626e-16,3.1136027064737424,1.3665617524672424
3.3,20.75,10,32,8,-2.2253332366802577e-18,92.07863887216521,92.07863887216521,6.059063853099044e-17,4.440892098500626e-16,3.1136027064737424,1.3665617524672424
3.3,20.75,10,32,8,-2.5255420049222364e-18,-93.89515993036807,93.89515993036807,6.682631818778915e-17,4.440892098500626e-16,3.1136027064737424,1.3665617524672424
3.3,20.75,10,32,8,1.537341469713025e-18,-86.43273755302285,86.43273755302285,9.156719743787416e-17,4.440892098500626e-16,3.1136027064737424,1.3665617524672424
3.3,20.75,10,32,8,2.0071973460643285e-18,85.33012539878133,85.33012539878133,6.923399033604587e-17,4.440892098500626e-16,3.1136027064737424,1.3665617524672424
3.3,20.75,10,32,8,1.6146718365175853e-18,-79.18065542564166,79.18065542564166,8.033790281910803e-17,4.440892098500626e-16,3.1136027064737424,1.3665617524672424
3.3,20.75,10,32,8,7.947588675329669e-19,78.1264984979057,78.1264984979057,6.710231029285555e-17,4.440892098500626e-16,3.1136027064737424,1.3665617524672424
3.3,20.75,10,32,8,-2.7029802315465e-18,-72.39165430981758,72.39165430981758,7.285128620558359e-17,4.440892098500626e-16,3.1136027064737424,1.3665617524672424
3.3,20.75,10,32,8,-2.901847886602631e-18,71.43258026395068,71.43258026395068,6.290292273908199e-17,4.440892098500626e-16,3.1136027064737424,1.3665617524672424
3.3,20.75,10,32,8,5.3743071442293645e-19,-66.11656810033608,66.11656810033608,8.039391631304655e-17,4.440892098500626e-16,3.1136027064737424,1.3665617524672424
3.3,20.75,10,32,8,1.301352981491422e-18,65.21129730260333,65.21129730260333,7.013043813153874e-17,4.440892098500626e-16,3.1136027064737424,1.3665617524672424
3.3,20.75,10,32,8,2.832246678330049e-18,-60.20112261145192,60.20112261145192,8.600257849952748e-17,4.440892098500626e-16,3.1136027064737424,1.3665617524672424
3.3,20.75,10,32,8,2.1081789290120275e-18,59.342439063965536,59.342439063965536,6.040006975711143e-17,4.440892098500626e-16,3.1136027064737424,1.3665617524672424
3.3,20.75,10,32,8,-2.6656237016691735e-18,-54.599441841302706,54.599441841302706,9.50418592310056e-17,4.440892098500626e-16,3.1136027064737424,1.3665617524672424
3.3,20.75,10,32,8,-5.926782491696243e-19,-49.44516679828172,49.44516679828172,1.0035075937103361e-16,4.440892098500626e-16,3.1136027064737424,1.3665617524672424
3.3,20.75,10,32,8,4.253453469226934e-18,-44.688859079166185,44.688859079166185,1.008727409711772e-16,4.440892098500626e-16,3.1136027064737424,1.3665617524672424
3.3,20.75,10,32,8,-2.848887421005557e-18,-40.286689262929194,40.286689262929194,1.009200746244885e-16,4.440892098500626e-16,3.1136027064737424,1.3665617524672424
3.3,20.75,10,32,8,-1.558420977882362e-18,-36.2657111906252,36.2657111906252,1.1235735246714222e-16,4.440892098500626e-16,3.1136027064737424,1.3665617524672424
3.3,20.75,10,32,8,7.467388230332335e-18,-32.58464657065079,32.58464657065079,1.2499556679282403e-16,4.440892098500626e-16,3.1136027064737424,1.3665617524672424
3.3,20.75,10,32,8,-6.940639359892567e-18,-29.464565561759866,29.464565561759866,1.2588242028789414e-16,4.440892098500626e-16,3.1136027064737424,1.3665617524672424
3.3,20.75,10,32,8,5.209367318805893e-18,-26.370641744306813,26.370641744306813,2.0943004863138396e-16,4.440892098500626e-16,3.1136027064737424,1.3665617524672424
3.3,20.75,10,32,8,7.472876700783868e-18,-23.831803957968503,23.831803957968503,2.0561535640120664e-16,4.440892098500626e-16,3.1136027064737424,1.3665617524672424
3.3,20.75,10,32,8,1.0287088300164523e-20,-16.799019007997337,16.799019007997337,1.2746660404031223e-16,4.440892098500626e-16,3.1136027064737424,1.3665617524672424
3.3,20.75,10,32,8,-3.4550308449541727e-18,53.82070663058189,53.82070663058189,1.6654574742829207e-16,4.440892098500626e-16,3.1136027064737424,1.3665617524672424
3.3,20.75,10,32,8,1.749142271553458e-18,-13.192835301452666,13.192835301452666,1.571601605151441e-16,4.440892098500626e-16,3.1136027064737424,1.3665617524672424
3.3,20.75,10,32,8,2.3187536759905117e-19,48.75917595292853,48.75917595292853,6.589065850890214e-17,4.440892098500626e-16,3.1136027064737424,1.3665617524672424
3.3,20.75,10,32,8,3.717548766659635e-18,44.082542811902414,44.082542811902414,6.940877272432841e-17,4.440892098500626e-16,3.1136027064737424,1.3665617524672424
3.3,20.75,10,32,8,-4.450407513306353e-18,39.80136333240242,39.80136333240242,5.731583488840861e-17,4.440892098500626e-16,3.1136027064737424,1.3665617524672424
3.3,20.75,10,32,8,-1.3396071383000421e-18,35.90498413219359,35.90498413219359,5.7630308258477e-17,4.440892098500626e-16,3.1136027064737424,1.3665617524672424
3.3,20.75,10,32,8,7.218853024152828e-18,32.347461140916344,32.347461140916344,6.79219332228795e-17,4.440892098500626e-16,3.1136027064737424,1.3665617524672424
3.3,20.75,10,32,8,1.7661662705283492e-17,23.98069046764517,23.98069046764517,2.3545011459219687e-16,4.440892098500626e-16,3.1136027064737424,1.3665617524672424
3.3,20.75,10,32,8,-9.922733394763658e-18,29.437891861981925,29.437891861981925,5.630866681680266e-17,4.440892098500626e-16,3.1136027064737424,1.3665617524672424
3.3,20.75,10,32,8,1.0568803182921299e-20,26.51093947015339,26.51093947015339,1.739918284084083e-17,4.440892098500626e-16,3.1136027064737424,1.3665617524672424
3.3,20.75,10,32,8,-3.146467667009701e-18,26.63808569124608,26.63808569124608,5.7617509412053e-17,4.440892098500626e-16,3.1136027064737424,1.3665617524672424
3.3,20.75,10,32,8,-6.652447078418781e-20,0.9545542924191934,0.9545542924191934,6.154526752632346e-17,4.440892098500626e-16,3.1136027064737424,1.3665617524672424
3.3,20.75,10,32,8,4.722756933096311e-13,0.033752652305963894,0.033752652305963894,1.514650649059298e-16,4.440892098500626e-16,3.1136027064737424,1.3665617524672424
3.3,20.75,10,32,8,-4.251970192099779e-14,-0.013340392501033119,0.013340392501033119,1.0015150532385056e-16,4.440892098500626e-16,3.1136027064737424,1.3665617524672424
3.3,20.75,10,32,8,-2.167310624695358e-11,0.0057206901089401465,0.0057206901089401465,2.391134368858267e-16,4.440892098500626e-16,3.1136027064737424,1.3665617524672424
3.3,20.75,10,32,8,1.9141229843939208e-11,0.00270770664322018,0.00270770664322018,1.121435223525276e-16,4.440892098500626e-16,3.1136027064737424,1.3665617524672424
3.3,20.75,10,32,8,0.0023990166018497336,5.323350499485082e-05,0.0023996071474315706,2.98521646014995e-17,4.440892098500626e-16,3.1136027064737424,1.3665617524672424
3.3,20.75,10,32,8,-1.999173896326049e-12,-0.002481882988944062,0.002481882988944062,6.722203548153469e-17,4.440892098500626e-16,3.1136027064737424,1.3665617524672424
3.3,20.75,10,32,8,-0.0023990165977523714,5.3233504954900013e-05,0.0023996071433343307,2.96289535737516e-17,4.440892098500626e-16,3.1136027064737424,1.3665617524672424
3.3,20.75,10,32,8,3.504725998253167e-14,-0.0017022907028013928,0.0017022907028013928,3.8977239684360104e-17,4.440892098500626e-16,3.1136027064737424,1.3665617524672424
3.3,20.75,10,32,8,-8.253434110308592e-13,0.0014815013311107697,0.0014815013311107697,3.664913603888238e-17,4.440892098500626e-16,3.1136027064737424,1.3665617524672424
3.3,20.75,10,32,8,0.0010953041065207803,0.0001902440749222368,0.0011117031500379507,2.0363259508330168e-17,4.440892098500626e-16,3.1136027064737424,1.3665617524672424
3.3,20.75,10,32,8,0.0007717676402828078,-0.0007241872551733591,0.0010583347632687954,2.8350668473031556e-17,4.440892098500626e-16,3.1136027064737424,1.3665617524672424
3.3,20.75,10,32,8,-0.0007717676440196687,-0.0007241872489825267,0.0010583347617576162,5.648193691884858e-17,4.440892098500626e-16,3.1136027064737424,1.3665617524672424
3.3,20.75,10,32,8,-0.0010953041318947808,0.0001902440700540705,0.0011117031742045704,4.871653138060702e-17,4.440892098500626e-16,3.1136027064737424,1.3665617524672424
3.3,20.75,10,32,8,-2.0758877131353418e-11,0.0008383314904644491,0.0008383314904644493,5.82825257088391e-17,4.440892098500626e-16,3.1136027064737424,1.3665617524672424
3.3,20.75,10,32,8,0.0006397862626016374,-4.238019344354e-06,0.0006398002990166029,4.225409703009999e-17,4.440892098500626e-16,3.1136027064737424,1.3665617524672424
3.3,20.75,10,32,8,0.0006060079350693457,-0.00015490862634419189,0.0006254936449580098,4.1569922824823676e-17,4.440892098500626e-16,3.1136027064737424,1.3665617524672424
3.3,20.75,10,32,8,-0.0006397863336585547,-4.2380129157354654e-06,0.0006398003700293784,6.168863832084805e-17,4.440892098500626e-16,3.1136027064737424,1.3665617524672424
3.3,20.75,10,32,8,-0.0006060078133613073,-0.00015490863223495733,0.0006254935285003821,5.997862033100109e-17,4.440892098500626e-16,3.1136027064737424,1.3665617524672424
3.3,20.75,10,32,8,-1.631794050282381e-14,-0.0004905925348558592,0.0004905925348558592,2.859550539030284e-17,4.440892098500626e-16,3.1136027064737424,1.3665617524672424
3.3,20.75,10,32,8,3.6271586086242477e-12,0.00037280044181425235,0.00037280044181425235,4.554539089335448e-17,4.440892098500626e-16,3.1136027064737424,1.3665617524672424
3.3,20.75,10,32,8,0.00018237621865221105,3.521299752231666e-05,0.0001857445566480638,6.733965143169054e-17,4.440892098500626e-16,3.1136027064737424,1.3665617524672424
3.3,20.75,10,32,8,-0.00018237622225019312,3.521299812527866e-05,0.0001857445602951072,6.924384460902111e-17,4.440892098500626e-16,3.1136027064737424,1.3665617524672424
3.3,20.75,10,32,8,6.300540687931835e-19,0.00012411437244468844,0.00012411437244468844,1.2780137470635395e-16,4.440892098500626e-16,3.1136027064737424,1.3665617524672424
3.3,20.75,10,32,8,-4.2132869518010584e-19,-9.121785155485664e-05,9.121785155485664e-05,1.1102140594442972e-16,4.440892098500626e-16,3.1136027064737424,1.3665617524672424
3.3,20.75,10,32,8,2.6882147575990425e-22,-2.353913023566278e-06,2.353913023566278e-06,6.298385919650895e-17,4.440892098500626e-16,3.1136027064737424,1.3665617524672424
3.3,20.75,10,32,8,-2.34329280193516e-20,1.1480545677238611e-06,1.1480545677238611e-06,4.9350577454829483e-17,4.440892098500626e-16,3.1136027064737424,1.3665617524672424
3.3,20.75,10,32,8,4.7179575314271734e-21,-4.5897352166281604e-08,4.5897352166281604e-08,5.497482794132808e-17,4.440892098500626e-16,3.1136027064737424,1.3665617524672424
3.3,20.75,11,24,8,3.5737012443182295e-19,-264.623658985896,264.623658985896,9.087874201713998e-17,2.220446049250313e-16,3.1335275869254526,1.3669346978025931
3.3,20.75,11,24,8,-1.221206017236366e-20,282.03869142465413,282.03869142465413,2.2431117453651646e-17,2.220446049250313e-16,3.1335275869254526,1.3669346978025931
3.3,20.75,11,24,8,3.331069768374909e-19,254.57781375228586,254.57781375228586,1.2659130239874994e-16,2.220446049250313e-16,3.1335275869254526,1.3669346978025931
3.3,20.75,11,24,8,9.342845501413169e-21,-217.73083732709836,217.73083732709836,1.432373965940952e-16,2.220446049250313e-16,3.1335275869254526,1.3669346978025931
3.3,20.75,11,24,8,1.2577745015783394e-20,159.5175390617896,159.5175390617896,5.243983921903009e-18,2.220446049250313e-16,3.1335275869254526,1.3669346978025931
3.3,20.75,11,24,8,2.752290702699757e-19,-129.666334503964,129.666334503964,4.7369562151162945e-17,2.220446049250313e-16,3.1335275869254526,1.3669346978025931
3.3,20.75,11,24,8,4.1004744931085127e-19,-125.78454421558297,125.78454421558297,7.531093041804372e-17,2.220446049250313e-16,3.1335275869254526,1.3669346978025931
3.3,20.75,11,24,8,3.3254249887738576e-19,121.13497753493898,121.13497753493898,5.588746320154846e-17,2.220446049250313e-16,3.1335275869254526,1.3669346978025931
3.3,20.75,11,24,8,1.7782324139043206e-21,105.33909784607259,105.33909784607259,6.760057012527597e-18,2.220446049250313e-16,3.1335275869254526,1.3669346978025931
3.3,20.75,11,24,8,3.9799306908088547e-19,-89.5507872061207,89.5507872061207,5.032235579107382e-18,2.220446049250313e-16,3.1335275869254526,1.3669346978025931
3.3,20.75,11,24,8,-5.494065197035922e-19,-76.95297592189031,76.95297592189031,6.343466293624389e-17,2.220446049250313e-16,3.1335275869254526,1.3669346978025931
3.3,20.75,11,24,8,4.6334397181614165e-19,78.70389389464906,78.70389389464906,1.6428725665378247e-17,2.220446049250313e-16,3.1335275869254526,1.3669346978025931
3.3,20.75,11,24,8,6.082259428249814e-20,76.73104020043615,76.73104020043615,4.331527930681585e-17,2.220446049250313e-16,3.1335275869254526,1.3669346978025931
3.3,20.75,11,24,8,-2.142972883856183e-18,-70.03927580186253,70.03927580186253,5.753477808055242e-17,2.220446049250313e-16,3.1335275869254526,1.3669346978025931
3.3,20.75,11,24,8,-1.3908381363045788e-18,66.14669616257417,66.14669616257417,3.397561718402142e-17,2.220446049250313e-16,3.1335275869254526,1.3669346978025931
3.3,20.75,11,24,8,2.9456543257190825e-18,-62.883245976641035,62.883245976641035,5.641456941092754e-17,2.220446049250313e-16,3.1335275869254526,1.3669346978025931
3.3,20.75,11,24,8,3.123052165982111e-18,61.89805312473568,61.89805312473568,3.74451105340181e-17,2.220446049250313e-16,3.1335275869254526,1.3669346978025931
3.3,20.75,11,24,8,4.299637401357399e-20,-57.10168360821578,57.10168360821578,3.3001940645431043e-17,2.220446049250313e-16,3.1335275869254526,1.3669346978025931
3.3,20.75,11,24,8,-1.3392506158425158e-18,56.01003499587117,56.01003499587117,2.2154299901364668e-16,2.220446049250313e-16,3.1335275869254526,1.3669346978025931
3.3,20.75,11,24,8,-2.9010739235121444e-18,-51.54085286771281,51.54085286771281,3.287268710120564e-17,2.220446049250313e-16,3.1335275869254526,1.3669346978025931
3.3,20.75,11,24,8,3.466581651945287e-18,-46.64136888795298,46.64136888795298,3.378867549540181e-17,2.220446049250313e-16,3.1335275869254526,1.3669346978025931
3.3,20.75,11,24,8,1.0645725984957883e-18,-42.055078336198726,42.055078336198726,4.3071173599279435e-17,2.220446049250313e-16,3.1335275869254526,1.3669346978025931
3.3,20.75,11,24,8,-4.394826802091957e-18,-37.84776956697649,37.84776956697649,4.5056451184380636e-17,2.220446049250313e-16,3.1335275869254526,1.3669346978025931
3.3,20.75,11,24,8,5.574475589766628e-18,-33.989757683258105,33.989757683258105,5.189377238819693e-17,2.220446049250313e-16,3.1335275869254526,1.3669346978025931
3.3,20.75,11,24,8,1.1237952976839165e-18,-30.62720675068673,30.62720675068673,6.440514558239962e-17,2.220446049250313e-16,3.1335275869254526,1.3669346978025931
3.3,20.75,11,24,8,2.256991204674521e-19,-20.477610253400666,20.477610253400666,6.288411885906295e-17,2.220446049250313e-16,3.1335275869254526,1.3669346978025931
3.3,20.75,11,24,8,-5.506056560568542e-18,-27.748233625614283,27.748233625614283,8.183042871892197e-17,2.220446049250313e-16,3.1335275869254526,1.3669346978025931
3.3,20.75,11,24,8,4.944841075734755e-18,-25.44499342447561,25.44499342447561,8.056884240177845e-17,2.220446049250313e-16,3.1335275869254526,1.3669346978025931
3.3,20.75,11,24,8,7.327566057843032e-18,-14.608695904406288,14.608695904406288,2.7611888780056444e-17,2.220446049250313e-16,3.1335275869254526,1.3669346978025931
3.3,20.75,11,24,8,-2.4442542730281615e-18,50.74608260226995,50.74608260226995,4.389923174201691e-17,2.220446049250313e-16,3.1335275869254526,1.3669346978025931
3.3,20.75,11,24,8,4.132701650479421e-18,45.89866635723236,45.89866635723236,6.561731964998312e-17,2.220446049250313e-16,3.1335275869254526,1.3669346978025931
3.3,20.75,11,24,8,-8.175062318449947e-19,41.40650526392484,41.40650526392484,2.973564633982295e-17,2.220446049250313e-16,3.1335275869254526,1.3669346978025931
3.3,20.75,11,24,8,-4.6599874816725446e-18,37.33203799895946,37.33203799895946,3.5520751295846626e-17,2.220446049250313e-16,3.1335275869254526,1.3669346978025931
3.3,20.75,11,24,8,6.833591854448772e-18,33.56556458363238,33.56556458363238,3.268791943662866e-17,2.220446049250313e-16,3.1335275869254526,1.3669346978025931
3.3,20.75,11,24,8,2.429434427032196e-19,23.269195746420337,23.269195746420337,7.997376167275557e-18,2.220446049250313e-16,3.1335275869254526,1.3669346978025931
3.3,20.75,11,24,8,2.7308602636850486e-17,24.3941891313254,24.3941891313254,2.3819191606744122e-17,2.220446049250313e-16,3.1335275869254526,1.3669346978025931
3.3,20.75,11,24,8,-1.0548313422547666e-17,27.54371602723235,27.54371602723235,3.355024204165634e-17,2.220446049250313e-16,3.1335275869254526,1.3669346978025931
3.3,20.75,11,24,8,-1.763848257756095e-18,30.34596161055395,30.34596161055395,3.2300032811537765e-17,2.220446049250313e-16,3.1335275869254526,1.3669346978025931
3.3,20.75,11,24,8,-3.6802200592628306e-19,1.4246782194954877,1.4246782194954877,1.9957986872557093e-16,2.220446049250313e-16,3.1335275869254526,1.3669346978025931
3.3,20.75,11,24,8,1.789547908666593e-14,0.03339822618910375,0.03339822618910375,8.184005263862663e-17,2.220446049250313e-16,3.1335275869254526,1.3669346978025931
3.3,20.75,11,24,8,-3.352884614923207e-13,-0.01596071221712594,0.01596071221712594,9.055738614933643e-17,2.220446049250313e-16,3.1335275869254526,1.3669346978025931
3.3,20.75,11,24,8,0.004538223099859992,0.0038157824000644353,0.005929221216040463,2.710663534308176e-17,2.220446049250313e-16,3.1335275869254526,1.3669346978025931
3.3,20.75,11,24,8,-0.004538223097861002,0.003815782397803377,0.00592922121305532,3.713734062446229e-17,2.220446049250313e-16,3.1335275869254526,1.3669346978025931
3.3,20.75,11,24,8,-1.682121435155461e-12,0.005316162847900495,0.005316162847900495,2.3095333508443116e-17,2.220446049250313e-16,3.1335275869254526,1.3669346978025931
3.3,20.75,11,24,8,0.0031404441906312587,-0.00039007623782253873,0.0031645772523013886,3.471208549616173e-17,2.220446049250313e-16,3.1335275869254526,1.3669346978025931
3.3,20.75,11,24,8,-0.0031404441906155156,-0.00039007623782654714,0.0031645772522862596,3.6369875792619683e-17,2.220446049250313e-16,3.1335275869254526,1.3669346978025931
3.3,20.75,11,24,8,6.0130501692609684e-15,-0.0027793152244952888,0.0027793152244952888,2.865309537442221e-17,2.220446049250313e-16,3.1335275869254526,1.3669346978025931
3.3,20.75,11,24,8,0.0019367330848921148,0.00024681819159031495,0.0019523970553695375,4.371439471264706e-17,2.220446049250313e-16,3.1335275869254526,1.3669346978025931
3.3,20.75,11,24,8,-0.0019367330811610416,0.00024681819016157187,0.0019523970514877796,1.579464946662679e-16,2.220446049250313e-16,3.1335275869254526,1.3669346978025931
3.3,20.75,11,24,8,1.1925517328529461e-11,0.0016730855879963805,0.0016730855879963805,8.791366793887008e-17,2.220446049250313e-16,3.1335275869254526,1.3669346978025931
3.3,20.75,11,24,8,0.0010760160108351422,-0.0005962848081889449,0.0012301894277104237,4.767960153616704e-17,2.220446049250313e-16,3.1335275869254526,1.3669346978025931
3.3,20.75,11,24,8,-0.0010760160148179385,-0.000596284811590451,0.0012301894328428196,6.351212230441737e-17,2.220446049250313e-16,3.1335275869254526,1.3669346978025931
3.3,20.75,11,24,8,-1.3893176564440192e-11,0.0012301977987377996,0.0012301977987377996,1.015045635133634e-16,2.220446049250313e-16,3.1335275869254526,1.3669346978025931
3.3,20.75,11,24,8,3.770484371654473e-12,-0.00033143077073755843,0.00033143077073755843,5.922726526982974e-17,2.220446049250313e-16,3.1335275869254526,1.3669346978025931
3.3,20.75,11,24,8,8.193207130159247e-05,0.00036374958954930696,0.0003728627471403633,7.280481870960332e-17,2.220446049250313e-16,3.1335275869254526,1.3669346978025931
3.3,20.75,11,24,8,-8.193207287391914e-05,0.0003637497288822902,0.0003728628834134028,7.159254346741324e-17,2.220446049250313e-16,3.1335275869254526,1.3669346978025931
3.3,20.75,11,24,8,-1.6043801879515259e-18,0.00014301595969533858,0.00014301595969533858,7.42424816748053e-17,2.220446049250313e-16,3.1335275869254526,1.3669346978025931
3.3,20.75,11,24,8,9.792679960390249e-20,7.146908786436662e-06,7.146908786436662e-06,6.481517425453334e-17,2.220446049250313e-16,3.1335275869254526,1.3669346978025931
3.3,20.75,11,32,8,-1.1611564128090306e-16,278.26612103928005,278.26612103928005,2.461784126912835e-16,4.440892098500626e-16,3.1136027064737424,1.3665617524672424
3.3,20.75,11,32,8,-2.9662094914613006e-16,-222.55006319707,222.55006319707,6.76625633413569e-17,4.440892098500626e-16,3.1136027064737424,1.3665617524672424
3.3,20.75,11,32,8,-4.546849385928843e-15,-186.4068794636072,186.4068794636072,8.05223608979083e-17,4.440892098500626e-16,3.1136027064737424,1.3665617524672424
3.3,20.75,11,32,8,-2.00479221988569e-17,189.07583675509687,189.07583675509687,9.31467737650901e-17,4.440892098500626e-16,3.1136027064737424,1.3665617524672424
3.3,20.75,11,32,8,4.6136792658109204e-15,183.71378012463407,183.71378012463407,2.510438645464487e-16,4.440892098500626e-16,3.1136027064737424,1.3665617524672424
3.3,20.75,11,32,8,1.0986841105648647e-16,-156.78676672081096,156.78676672081096,1.4065280464875188e-17,4.440892098500626e-16,3.1136027064737424,1.3665617524672424
3.3,20.75,11,32,8,1.7115047945358268e-15,-133.193784982408,133.193784982408,7.622824754359029e-17,4.440892098500626e-16,3.1136027064737424,1.3665617524672424
3.3,20.75,11,32,8,2.4716920199361782e-17,140.18877665137734,140.18877665137734,1.6823619014761574e-17,4.440892098500626e-16,3.1136027064737424,1.3665617524672424
3.3,20.75,11,32,8,-1.9512807071591966e-15,130.9319209263117,130.9319209263117,2.0504635386657268e-16,4.440892098500626e-16,3.1136027064737424,1.3665617524672424
3.3,20.75,11,32,8,-9.969266466932768e-17,-120.3353969655549,120.3353969655549,8.902287647767645e-18,4.440892098500626e-16,3.1136027064737424,1.3665617524672424
3.3,20.75,11,32,8,-1.5959218535927957e-18,112.10955290737473,112.10955290737473,6.021480512560199e-18,4.440892098500626e-16,3.1136027064737424,1.3665617524672424
3.3,20.75,11,32,8,-1.4387651995233594e-15,-103.45863288021094,103.45863288021094,4.009240100929009e-17,4.440892098500626e-16,3.1136027064737424,1.3665617524672424
3.3,20.75,11,32,8,1.6415678004031538e-16,102.57695264047717,102.57695264047717,1.1891141696392818e-16,4.440892098500626e-16,3.1136027064737424,1.3665617524672424
3.3,20.75,11,32,8,-1.0338532881488413e-16,-98.54660038332258,98.54660038332258,3.22067179055709e-17,4.440892098500626e-16,3.1136027064737424,1.3665617524672424
3.3,20.75,11,32,8,-4.4251833591724606e-17,95.9246000789328,95.9246000789328,5.458738801293823e-17,4.440892098500626e-16,3.1136027064737424,1.3665617524672424
3.3,20.75,11,32,8,6.884465293232087e-17,-89.51978232893957,89.51978232893957,4.479360973554865e-17,4.440892098500626e-16,3.1136027064737424,1.3665617524672424
3.3,20.75,11,32,8,-8.896490698852204e-17,88.34638176858155,88.34638176858155,7.737690668218651e-17,4.440892098500626e-16,3.1136027064737424,1.3665617524672424
3.3,20.75,11,32,8,-1.859739814427827e-17,-82.43356220873761,82.43356220873761,4.16003121670596e-17,4.440892098500626e-16,3.1136027064737424,1.3665617524672424
3.3,20.75,11,32,8,-5.215273290012326e-17,81.18145261166289,81.18145261166289,6.580051317364227e-17,4.440892098500626e-16,3.1136027064737424,1.3665617524672424
3.3,20.75,11,32,8,-1.122754942156093e-16,-75.34279342432437,75.34279342432437,4.4732314720523804e-17,4.440892098500626e-16,3.1136027064737424,1.3665617524672424
3.3,20.75,11,32,8,6.226541853100103e-18,74.23960269974276,74.23960269974276,6.557939701020205e-17,4.440892098500626e-16,3.1136027064737424,1.3665617524672424
3.3,20.75,11,32,8,-4.857073626492093e-17,-68.83398124739303,68.83398124739303,4.492478005639212e-17,4.440892098500626e-16,3.1136027064737424,1.3665617524672424
3.3,20.75,11,32,8,1.5758266141408361e-16,67.7916675887885,67.7916675887885,5.755594252132723e-17,4.440892098500626e-16,3.1136027064737424,1.3665617524672424
3.3,20.75,11,32,8,5.057920376357809e-17,-62.75319256326963,62.75319256326963,5.054303151048905e-17,4.440892098500626e-16,3.1136027064737424,1.3665617524672424
3.3,20.75,11,32,8,5.447118317484084e-16,61.76115769673685,61.76115769673685,5.2430977789597493e-17,4.440892098500626e-16,3.1136027064737424,1.3665617524672424
3.3,20.75,11,32,8,-3.702994725087852e-17,-56.97318938092246,56.97318938092246,5.2996616235462456e-17,4.440892098500626e-16,3.1136027064737424,1.3665617524672424
3.3,20.75,11,32,8,2.698909171730225e-17,-51.58646648523359,51.58646648523359,5.792039227900257e-17,4.440892098500626e-16,3.1136027064737424,1.3665617524672424
3.3,20.75,11,32,8,-2.7030443510985047e-16,56.044503637836875,56.044503637836875,5.0294563165527973e-17,4.440892098500626e-16,3.1136027064737424,1.3665617524672424
3.3,20.75,11,32,8,4.59086062829514e-16,-46.64566786863914,46.64566786863914,5.981501470144859e-17,4.440892098500626e-16,3.1136027064737424,1.3665617524672424
3.3,20.75,11,32,8,9.897923468746656e-16,-42.053620185716646,42.053620185716646,7.046489966039873e-17,4.440892098500626e-16,3.1136027064737424,1.3665617524672424
3.3,20.75,11,32,8,6.079625718626617e-16,-37.847887951332254,37.847887951332254,9.789983399917656e-17,4.440892098500626e-16,3.1136027064737424,1.3665617524672424
3.3,20.75,11,32,8,-8.073076501018155e-16,-33.98946490753273,33.98946490753273,8.673560675805591e-17,4.440892098500626e-16,3.1136027064737424,1.3665617524672424
3.3,20.75,11,32,8,-1.735183868694996e-15,-30.62745076663813,30.62745076663813,9.828442786984852e-17,4.440892098500626e-16,3.1136027064737424,1.3665617524672424
3.3,20.75,11,32,8,-3.4741273420255613e-15,-27.74865388810257,27.74865388810257,1.140848875833564e-16,4.440892098500626e-16,3.1136027064737424,1.3665617524672424
3.3,20.75,11,32,8,-2.4472284692069222e-15,-25.44604555889051,25.44604555889051,1.1430929158799298e-16,4.440892098500626e-16,3.1136027064737424,1.3665617524672424
3.3,20.75,11,32,8,-7.497168616074001e-16,-17.7265532696855,17.7265532696855,7.722439630269297e-17,4.440892098500626e-16,3.1136027064737424,1.3665617524672424
3.3,20.75,11,32,8,2.6142701772023562e-15,-14.6086936588454,14.6086936588454,3.411585051413413e-17,4.440892098500626e-16,3.1136027064737424,1.3665617524672424
3.3,20.75,11,32,8,-1.435811691949401e-16,50.75796023973493,50.75796023973493,4.388898014586709e-17,4.440892098500626e-16,3.1136027064737424,1.3665617524672424
3.3,20.75,11,32,8,-1.101502980528118e-15,45.89818460277573,45.89818460277573,4.355902706457319e-17,4.440892098500626e-16,3.1136027064737424,1.3665617524672424
3.3,20.75,11,32,8,-1.7411975438089877e-15,41.406608543304046,41.406608543304046,3.788330239172761e-17,4.440892098500626e-16,3.1136027064737424,1.3665617524672424
3.3,20.75,11,32,8,-4.33787524488767e-15,37.33206056822247,37.33206056822247,3.511743003313266e-17,4.440892098500626e-16,3.1136027064737424,1.3665617524672424
3.3,20.75,11,32,8,1.08778374177752e-15,24.394199949289227,24.394199949289227,2.24454761648733e-17,4.440892098500626e-16,3.1136027064737424,1.3665617524672424
3.3,20.75,11,32,8,-2.485188204332601e-15,26.76222587940572,26.76222587940572,9.457080635347938e-18,4.440892098500626e-16,3.1136027064737424,1.3665617524672424
3.3,20.75,11,32,8,2.2961422684741257e-16,27.543683183237885,27.543683183237885,3.3577350040854913e-17,4.440892098500626e-16,3.1136027064737424,1.3665617524672424
3.3,20.75,11,32,8,1.2846502213024828e-16,30.346041270551307,30.346041270551307,2.949871318798427e-17,4.440892098500626e-16,3.1136027064737424,1.3665617524672424
3.3,20.75,11,32,8,-3.4581539392922285e-16,33.56542073154115,33.56542073154115,8.196977837256316e-17,4.440892098500626e-16,3.1136027064737424,1.3665617524672424
3.3,20.75,11,32,8,-1.0722980890678013e-16,0.9591326931902168,0.9591326931902168,9.747325552194081e-17,4.440892098500626e-16,3.1136027064737424,1.3665617524672424
3.3,20.75,11,32,8,1.847214501776105e-13,0.033253724368263356,0.033253724368263356,1.0681885497461305e-16,4.440892098500626e-16,3.1136027064737424,1.3665617524672424
3.3,20.75,11,32,8,-4.145539911147739e-13,-0.015887585151528095,0.015887585151528095,9.087648853636834e-17,4.440892098500626e-16,3.1136027064737424,1.3665617524672424
3.3,20.75,11,32,8,-1.277767340693658e-12,0.0066140527384397595,0.0066140527384397595,1.8007052633751664e-16,4.440892098500626e-16,3.1136027064737424,1.3665617524672424
3.3,20.75,11,32,8,7.520334765765804e-13,-0.0032209330952042204,0.0032209330952042204,4.7470427206591335e-17,4.440892098500626e-16,3.1136027064737424,1.3665617524672424
3.3,20.75,11,32,8,-0.002073949003965361,-0.0006909988944990026,0.002186033838541333,2.044075489321724e-17,4.440892098500626e-16,3.1136027064737424,1.3665617524672424
3.3,20.75,11,32,8,0.0020739490045481057,-0.0006909988892505465,0.002186033837435177,1.1702487010670619e-17,4.440892098500626e-16,3.1136027064737424,1.3665617524672424
3.3,20.75,11,32,8,-0.0011239189658156792,-0.001067936997077145,0.0015503816534796636,1.646597944408536e-17,4.440892098500626e-16,3.1136027064737424,1.3665617524672424
3.3,20.75,11,32,8,0.001123918965937572,-0.0010679369976571201,0.0015503816539675272,1.298390259114578e-17,4.440892098500626e-16,3.1136027064737424,1.3665617524672424
3.3,20.75,11,32,8,-0.00019240466419902656,-0.0012324175746276156,0.0012473462362377796,1.6712480929771608e-17,4.440892098500626e-16,3.1136027064737424,1.3665617524672424
3.3,20.75,11,32,8,0.00019240466910647685,-0.0012324175695062143,0.001247346231934653,1.7995649919348704e-17,4.440892098500626e-16,3.1136027064737424,1.3665617524672424
3.3,20.75,11,32,8,-0.0011648092965671865,0.0007090650927493901,0.0013636546495080948,2.6093688878866315e-17,4.440892098500626e-16,3.1136027064737424,1.3665617524672424
3.3,20.75,11,32,8,0.0011648092916680733,0.000709065093512362,0.001363654645720086,2.570020649201686e-17,4.440892098500626e-16,3.1136027064737424,1.3665617524672424
3.3,20.75,11,32,8,1.2269796942261877e-15,0.0014832316764067013,0.0014832316764067013,1.9944708689598646e-17,4.440892098500626e-16,3.1136027064737424,1.3665617524672424
3.3,20.75,11,32,8,-9.319670045925814e-14,0.0012353401932526456,0.0012353401932526456,1.9554154185835662e-17,4.440892098500626e-16,3.1136027064737424,1.3665617524672424
3.3,20.75,11,32,8,-0.0009692709557789761,0.00015537612401677478,0.0009816455193353486,2.624949213469205e-17,4.440892098500626e-16,3.1136027064737424,1.3665617524672424
3.3,20.75,11,32,8,0.0009692709559350162,0.00015537612411289372,0.0009816455195046354,2.795353896008668e-17,4.440892098500626e-16,3.1136027064737424,1.3665617524672424
3.3,20.75,11,32,8,-0.0005404767666180068,0.00019547591114844214,0.0005747399125632124,2.3346787174584294e-17,4.440892098500626e-16,3.1136027064737424,1.3665617524672424
3.3,20.75,11,32,8,0.0005404767662347999,0.00019547591147501945,0.0005747399123139233,2.3371252890993103e-17,4.440892098500626e-16,3.1136027064737424,1.3665617524672424
3.3,20.75,11,32,8,2.5775928674313505e-12,0.00047016083137696273,0.00047016083137696273,2.3690361420962526e-17,4.440892098500626e-16,3.1136027064737424,1.3665617524672424
3.3,20.75,11,32,8,-4.589181891905399e-12,-0.00038034390174741665,0.0003803439017474167,1.915037605930333e-17,4.440892098500626e-16,3.1136027064737424,1.3665617524672424
3.3,20.75,11,32,8,0.0003008733354872779,-9.913183197660908e-05,0.0003167836550680586,2.2646505773824572e-17,4.440892098500626e-16,3.1136027064737424,1.3665617524672424
3.3,20.75,11,32,8,-0.0003008733334983277,-9.913183084926639e-05,0.00031678365282622066,2.2545417584068106e-17,4.440892098500626e-16,3.1136027064737424,1.3665617524672424
3.3,20.75,11,32,8,-2.1503302825687897e-11,0.0001779932242084041,0.0001779932242084054,2.4411865691418158e-17,4.440892098500626e-16,3.1136027064737424,1.3665617524672424
3.3,20.75,11,32,8,1.8350466869968304e-11,6.0349758645988276e-05,6.034975864599107e-05,2.0250387219276356e-17,4.440892098500626e-16,3.1136027064737424,1.3665617524672424
3.3,20.75,11,32,8,2.188226200613074e-12,1.903305314456472e-06,1.9033053144577299e-06,9.111206023681669e-18,4.440892098500626e-16,3.1136027064737424,1.3665617524672424
3.3,20.75,11,32,8,-1.8380800120009608e-07,-1.9482789051470783e-07,2.678493760074597e-07,2.0232752013690704e-17,4.440892098500626e-16,3.1136027064737424,1.3665617524672424
3.3,20.75,11,32,8,1.83809350386425e-07,-1.9504030057686108e-07,2.6800484349838133e-07,2.0851544355429136e-17,4.440892098500626e-16,3.1136027064737424,1.3665617524672424
