strength_k,diameter,seed,fourier_mode_terminal,fourier_amplitude_terminal,peak_count_terminal,dbscan_count_terminal,observed_mode,temporal_mode_median,temporal_mode_stability,temporal_amplitude_median,shell_particle_fraction,lattice_formed,heading_handedness_terminal,heading_direction_sign_terminal,wall_radius,cluster_radius_mean,cluster_radius_std,wall_distance_of_clusters,fourier_locking_time_10_frames,fourier_lock_persistent_to_end,effective_wavenumber,effective_arc_spacing,geometric_chord_spacing,actual_chord_mean,actual_chord_std,bare_turning_length_v_over_k,source_file
8.0,3.3,9,9,0.9848520730252135,9,9,9,9,1.0,0.9838932374983425,0.959,True,1.0,1.0,1.65,1.5212965822297422,0.005107076131416483,0.12870341777025773,125.0,True,5.916006191776774,1.0620653703698264,1.0406281501901327,1.0406635501222117,0.009957868723956351,0.375,"D:\PythonProject\System Theory\Frustration Induced Lattice\data\boundary_lattice_k_sweep\CircularBoundaryPatternFormation(K=8.000,D0=1.000,A0=1.571,L=3.3,v=3.0,dist=uniform,wMin=0.000,dw=0.000,N=2000,dt=0.005,snap=500,seed=9).h5"
8.0,3.3,10,9,0.9828516441069434,9,9,9,9,1.0,0.981899909552751,0.9665,True,1.0,1.0,1.65,1.5191061970837505,0.009622428391907316,0.1308938029162494,155.0,True,5.9245364262731774,1.060536193062453,1.0391298385069918,1.0391893519396918,0.007988054225368366,0.375,"D:\PythonProject\System Theory\Frustration Induced Lattice\data\boundary_lattice_k_sweep\CircularBoundaryPatternFormation(K=8.000,D0=1.000,A0=1.571,L=3.3,v=3.0,dist=uniform,wMin=0.000,dw=0.000,N=2000,dt=0.005,snap=500,seed=10).h5"
8.0,3.3,11,9,0.984165772736401,9,9,9,9,1.0,0.9837569571088413,0.9695,True,1.0,1.0,1.65,1.5160707880448252,0.005821406993487788,0.1339292119551747,100.0,True,5.936398267792427,1.0584170777874915,1.0370534964379012,1.03708779420526,0.008996082664805912,0.375,"D:\PythonProject\System Theory\Frustration Induced Lattice\data\boundary_lattice_k_sweep\CircularBoundaryPatternFormation(K=8.000,D0=1.000,A0=1.571,L=3.3,v=3.0,dist=uniform,wMin=0.000,dw=0.000,N=2000,dt=0.005,snap=500,seed=11).h5"
8.0,4.58,9,24,0.1411038882704921,10,0,24,5,0.15,0.13042332206597718,0.161,False,0.6454849498327759,1.0,2.29,,,0.1232698662870031,,False,11.076598615847292,0.5672486225320318,0.5656300678440014,,,0.375,"D:\PythonProject\System Theory\Frustration Induced Lattice\data\boundary_lattice_k_sweep\CircularBoundaryPatternFormation(K=8.000,D0=1.000,A0=1.571,L=4.6,v=3.0,dist=uniform,wMin=0.000,dw=0.000,N=2000,dt=0.005,snap=500,seed=9).h5"
8.0,4.58,10,7,0.25718489337973155,8,2,7,7,0.65,0.11149593378663299,0.252,False,1.0,-1.0,2.29,,,0.1177571546023195,,False,3.2224757995317437,1.949800618546955,1.8850016960650187,,,0.375,"D:\PythonProject\System Theory\Frustration Induced Lattice\data\boundary_lattice_k_sweep\CircularBoundaryPatternFormation(K=8.000,D0=1.000,A0=1.571,L=4.6,v=3.0,dist=uniform,wMin=0.000,dw=0.000,N=2000,dt=0.005,snap=500,seed=10).h5"
8.0,4.58,11,13,0.9665618585029904,13,13,13,13,1.0,0.9670862808503515,0.939,True,1.0,1.0,2.29,2.165378078990933,0.011555852024895012,0.1246219210090671,155.0,True,6.003570520145843,1.0465747484926606,1.0364177868148616,1.0364176092835176,0.014438835767453738,0.375,"D:\PythonProject\System Theory\Frustration Induced Lattice\data\boundary_lattice_k_sweep\CircularBoundaryPatternFormation(K=8.000,D0=1.000,A0=1.571,L=4.6,v=3.0,dist=uniform,wMin=0.000,dw=0.000,N=2000,dt=0.005,snap=500,seed=11).h5"
12.0,3.3,9,9,0.9650090305529209,9,9,9,9,1.0,0.9458092079219618,0.998,True,1.0,1.0,1.65,1.5500605165494032,0.011110497132496972,0.09993948345059667,97.5,True,5.806224920840472,1.0821463847580455,1.0603038400673739,1.0602467407395748,0.012135758217581227,0.25,"D:\PythonProject\System Theory\Frustration Induced Lattice\data\boundary_lattice_k_sweep\CircularBoundaryPatternFormation(K=12.000,D0=1.000,A0=1.571,L=3.3,v=3.0,dist=uniform,wMin=0.000,dw=0.000,N=2000,dt=0.005,snap=500,seed=9).h5"
12.0,3.3,10,3,0.2937095631485684,1,1,1,3,1.0,0.27954179555396197,0.006,False,0.9253578732106339,-1.0,1.65,,,1.1699379189573413,,False,2.0830639192082736,3.0163190141412874,1.1758129818818179e-16,,,0.25,"D:\PythonProject\System Theory\Frustration Induced Lattice\data\boundary_lattice_k_sweep\CircularBoundaryPatternFormation(K=12.000,D0=1.000,A0=1.571,L=3.3,v=3.0,dist=uniform,wMin=0.000,dw=0.000,N=2000,dt=0.005,snap=500,seed=10).h5"
12.0,3.3,11,9,0.9828711202845449,9,9,9,9,1.0,0.981076765795001,1.0,True,1.0,1.0,1.65,1.550590806971928,0.005182548467899592,0.09940919302807183,70.0,True,5.804239235479316,1.0825165973126396,1.0606665800800064,1.060675761232674,0.004842007540753229,0.25,"D:\PythonProject\System Theory\Frustration Induced Lattice\data\boundary_lattice_k_sweep\CircularBoundaryPatternFormation(K=12.000,D0=1.000,A0=1.571,L=3.3,v=3.0,dist=uniform,wMin=0.000,dw=0.000,N=2000,dt=0.005,snap=500,seed=11).h5"
12.0,4.58,9,13,0.9869066999354681,13,13,13,13,1.0,0.986425488584861,1.0,True,1.0,1.0,2.29,2.1860856889384497,0.006681875106296542,0.10391431106155036,132.5,True,5.9467019366074,1.0565831908441254,1.0463290976756567,1.0463347107330259,0.004759518553313619,0.25,"D:\PythonProject\System Theory\Frustration Induced Lattice\data\boundary_lattice_k_sweep\CircularBoundaryPatternFormation(K=12.000,D0=1.000,A0=1.571,L=4.6,v=3.0,dist=uniform,wMin=0.000,dw=0.000,N=2000,dt=0.005,snap=500,seed=9).h5"
12.0,4.58,10,3,0.16636134875563674,1,1,1,3,0.7,0.2553243599351329,0.008,False,0.890495867768595,-1.0,2.29,,,1.8485914637250525,,False,2.2654749915781265,2.7734516295863982,1.0811391021308658e-16,,,0.25,"D:\PythonProject\System Theory\Frustration Induced Lattice\data\boundary_lattice_k_sweep\CircularBoundaryPatternFormation(K=12.000,D0=1.000,A0=1.571,L=4.6,v=3.0,dist=uniform,wMin=0.000,dw=0.000,N=2000,dt=0.005,snap=500,seed=10).h5"
12.0,4.58,11,13,0.9807386872038033,13,13,13,13,1.0,0.9798288265656023,1.0,True,1.0,1.0,2.29,2.1851751975095834,0.00986752584764209,0.10482480249041659,122.5,True,5.949179733879433,1.0561431303542665,1.0458933079534023,1.0458746550247826,0.0075848505982658845,0.25,"D:\PythonProject\System Theory\Frustration Induced Lattice\data\boundary_lattice_k_sweep\CircularBoundaryPatternFormation(K=12.000,D0=1.000,A0=1.571,L=4.6,v=3.0,dist=uniform,wMin=0.000,dw=0.000,N=2000,dt=0.005,snap=500,seed=11).h5"
20.75,3.3,9,10,0.9932943567111603,10,10,10,10,1.0,0.992423203372673,1.0,True,1.0,1.0,1.65,1.606788198407397,0.003701621059622871,0.04321180159260285,62.5,True,6.223595623811351,1.0095747999982916,0.9930497193379809,0.9930437991263888,0.01314817484848587,0.14457831325301204,"D:\PythonProject\System Theory\Frustration Induced Lattice\data\boundary_lattice_k_sweep\CircularBoundaryPatternFormation(K=20.750,D0=1.000,A0=1.571,L=3.3,v=3.0,dist=uniform,wMin=0.000,dw=0.000,N=2000,dt=0.005,snap=500,seed=9).h5"
20.75,3.3,10,6,0.20819995717733597,5,0,6,3,0.65,0.19001044583056834,0.073,False,0.7664233576642335,-1.0,1.65,,,0.13347154751333523,,False,3.95640450409074,1.588104881764001,1.5165284524866645,,,0.14457831325301204,"D:\PythonProject\System Theory\Frustration Induced Lattice\data\boundary_lattice_k_sweep\CircularBoundaryPatternFormation(K=20.750,D0=1.000,A0=1.571,L=3.3,v=3.0,dist=uniform,wMin=0.000,dw=0.000,N=2000,dt=0.005,snap=500,seed=10).h5"
20.75,3.3,11,10,0.995372773379782,10,10,10,10,1.0,0.9954825580279391,0.9995,True,1.0,1.0,1.65,1.6054042209207389,0.005524489082075696,0.044595779079261044,55.0,True,6.228960824747772,1.0087052212973275,0.9921943742115615,0.9922231603046244,0.010441841725263737,0.14457831325301204,"D:\PythonProject\System Theory\Frustration Induced Lattice\data\boundary_lattice_k_sweep\CircularBoundaryPatternFormation(K=20.750,D0=1.000,A0=1.571,L=3.3,v=3.0,dist=uniform,wMin=0.000,dw=0.000,N=2000,dt=0.005,snap=500,seed=11).h5"
20.75,4.58,9,14,0.9440415810067428,14,14,14,14,0.85,0.9347161165480621,0.995,False,1.0,1.0,2.29,2.2419131744987673,0.004526246063569905,0.04808682550123278,225.0,True,6.244666456866703,1.0061682798559286,0.9977452268768626,0.9976788659114552,0.04283213223096033,0.14457831325301204,"D:\PythonProject\System Theory\Frustration Induced Lattice\data\boundary_lattice_k_sweep\CircularBoundaryPatternFormation(K=20.750,D0=1.000,A0=1.571,L=4.6,v=3.0,dist=uniform,wMin=0.000,dw=0.000,N=2000,dt=0.005,snap=500,seed=9).h5"
20.75,4.58,10,14,0.9860193709761429,14,14,14,14,1.0,0.9869111582049848,1.0,True,1.0,1.0,2.29,2.243872727408713,0.00478332784779103,0.04612727259128713,147.5,True,6.239213048490318,1.0070477251453864,0.9986173099641785,0.9986138772662556,0.021207181178506174,0.14457831325301204,"D:\PythonProject\System Theory\Frustration Induced Lattice\data\boundary_lattice_k_sweep\CircularBoundaryPatternFormation(K=20.750,D0=1.000,A0=1.571,L=4.6,v=3.0,dist=uniform,wMin=0.000,dw=0.000,N=2000,dt=0.005,snap=500,seed=10).h5"
20.75,4.58,11,13,0.18343438586751887,12,0,13,6,0.0,0.2369378541843873,0.044,False,0.4939759036144578,-1.0,2.29,,,0.14578588055319042,,False,6.062827346437723,1.0363457423657854,1.0262880527403477,,,0.14457831325301204,"D:\PythonProject\System Theory\Frustration Induced Lattice\data\boundary_lattice_k_sweep\CircularBoundaryPatternFormation(K=20.750,D0=1.000,A0=1.571,L=4.6,v=3.0,dist=uniform,wMin=0.000,dw=0.000,N=2000,dt=0.005,snap=500,seed=11).h5"
40.0,3.3,9,10,0.9985833973465924,10,10,10,10,1.0,0.9985767118519894,1.0,True,1.0,1.0,1.65,1.6253281995308295,0.005263137545064765,0.02467180046917039,32.5,True,6.15260351902257,1.021223826263676,1.0045080701837235,1.004539023628644,0.005811604932703438,0.075,"D:\PythonProject\System Theory\Frustration Induced Lattice\data\boundary_lattice_k_sweep\CircularBoundaryPatternFormation(K=40.000,D0=1.000,A0=1.571,L=3.3,v=3.0,dist=uniform,wMin=0.000,dw=0.000,N=2000,dt=0.005,snap=500,seed=9).h5"
40.0,3.3,10,10,0.9984103149963816,10,10,10,10,1.0,0.9984077884105573,1.0,True,1.0,1.0,1.65,1.6256622740006743,0.008888126116365002,0.0243377259993256,40.0,True,6.15133915569714,1.0214337314437192,1.0047145395608612,1.0048321043250603,0.0095124316375392,0.075,"D:\PythonProject\System Theory\Frustration Induced Lattice\data\boundary_lattice_k_sweep\CircularBoundaryPatternFormation(K=40.000,D0=1.000,A0=1.571,L=3.3,v=3.0,dist=uniform,wMin=0.000,dw=0.000,N=2000,dt=0.005,snap=500,seed=10).h5"
40.0,3.3,11,10,0.9984407025413911,10,10,10,10,1.0,0.9983569187979164,0.9995,True,1.0,1.0,1.65,1.6248029928374201,0.003724206986006175,0.025197007162579776,42.5,True,6.154592306933677,1.0208938291657497,1.0041834745960776,1.004196314054118,0.004950729868395916,0.075,"D:\PythonProject\System Theory\Frustration Induced Lattice\data\boundary_lattice_k_sweep\CircularBoundaryPatternFormation(K=40.000,D0=1.000,A0=1.571,L=3.3,v=3.0,dist=uniform,wMin=0.000,dw=0.000,N=2000,dt=0.005,snap=500,seed=11).h5"
40.0,4.58,9,14,0.9975687759944263,14,14,14,14,1.0,0.9975390104113704,0.9945,True,1.0,1.0,2.29,2.264284327580221,0.003936595649409576,0.0257156724197789,47.5,True,6.182969086290244,1.0162084298806469,1.0077013266315922,1.007703789592049,0.003781762571671853,0.075,"D:\PythonProject\System Theory\Frustration Induced Lattice\data\boundary_lattice_k_sweep\CircularBoundaryPatternFormation(K=40.000,D0=1.000,A0=1.571,L=4.6,v=3.0,dist=uniform,wMin=0.000,dw=0.000,N=2000,dt=0.005,snap=500,seed=9).h5"
40.0,4.58,10,14,0.9961529404594752,14,14,14,14,1.0,0.9960622301590458,0.9965,True,1.0,1.0,2.29,2.2634632118152855,0.0051773522643443195,0.0265367881847145,50.0,True,6.185212079842938,1.0158399139870942,1.007335895737793,1.0073358897668618,0.005227585383449088,0.075,"D:\PythonProject\System Theory\Frustration Induced Lattice\data\boundary_lattice_k_sweep\CircularBoundaryPatternFormation(K=40.000,D0=1.000,A0=1.571,L=4.6,v=3.0,dist=uniform,wMin=0.000,dw=0.000,N=2000,dt=0.005,snap=500,seed=10).h5"
40.0,4.58,11,14,0.9963453508820732,14,14,14,14,1.0,0.996194552999122,0.9965,True,1.0,1.0,2.29,2.263873485632055,0.004231731550361003,0.02612651436794522,50.0,True,6.184091155646587,1.016024044445483,1.0075184847635634,1.0075159839312204,0.004503082072174078,0.075,"D:\PythonProject\System Theory\Frustration Induced Lattice\data\boundary_lattice_k_sweep\CircularBoundaryPatternFormation(K=40.000,D0=1.000,A0=1.571,L=4.6,v=3.0,dist=uniform,wMin=0.000,dw=0.000,N=2000,dt=0.005,snap=500,seed=11).h5"
