condition,condition_label,alpha_over_pi,minimum_supported_frame_pairs,xi_persist,xi_sign
Circular,Circular,0.1,1,1.0,1.0
Circular,Circular,0.1,2,1.0,1.0
Circular,Circular,0.1,3,1.0,1.0
Circular,Circular,0.2,1,1.0,0.9862188611913493
Circular,Circular,0.2,2,1.0,0.9863974735157021
Circular,Circular,0.2,3,1.0,0.9879454415674788
Circular,Circular,0.3,1,1.0,1.0
Circular,Circular,0.3,2,1.0,1.0
Circular,Circular,0.3,3,1.0,1.0
Circular,Circular,0.4,1,1.0,0.9105471661966755
Circular,Circular,0.4,2,1.0,0.913836006041714
Circular,Circular,0.4,3,1.0,0.910106412297275
Circular,Circular,0.5,1,1.0,1.0
Circular,Circular,0.5,2,1.0,1.0
Circular,Circular,0.5,3,1.0,1.0
Circular,Circular,0.6,1,1.0,1.0
Circular,Circular,0.6,2,1.0,1.0
Circular,Circular,0.6,3,1.0,1.0
Circular,Circular,0.7,1,1.0,1.0
Circular,Circular,0.7,2,1.0,1.0
Circular,Circular,0.7,3,1.0,1.0
Circular,Circular,0.8,1,1.0,1.0
Circular,Circular,0.8,2,1.0,1.0
Circular,Circular,0.8,3,1.0,1.0
Circular,Circular,0.9,1,1.0,1.0
Circular,Circular,0.9,2,1.0,1.0
Circular,Circular,0.9,3,1.0,1.0
Circular_Single_Defect_H3,"Circular, single defect (H = 3)",0.1,1,1.0,0.03598180706046186
Circular_Single_Defect_H3,"Circular, single defect (H = 3)",0.1,2,1.0,0.03834828083882086
Circular_Single_Defect_H3,"Circular, single defect (H = 3)",0.1,3,0.9885057471264368,0.04434712198051208
Circular_Single_Defect_H3,"Circular, single defect (H = 3)",0.2,1,1.0,0.26312506678468484
Circular_Single_Defect_H3,"Circular, single defect (H = 3)",0.2,2,1.0,0.26262781297942217
Circular_Single_Defect_H3,"Circular, single defect (H = 3)",0.2,3,1.0,0.2599905115897275
Circular_Single_Defect_H3,"Circular, single defect (H = 3)",0.3,1,0.9961685823754789,0.06492553534707185
Circular_Single_Defect_H3,"Circular, single defect (H = 3)",0.3,2,0.9961685823754789,0.07040725693689735
Circular_Single_Defect_H3,"Circular, single defect (H = 3)",0.3,3,0.9961685823754789,0.07933978288997072
Circular_Single_Defect_H3,"Circular, single defect (H = 3)",0.4,1,1.0,0.56942607556779
Circular_Single_Defect_H3,"Circular, single defect (H = 3)",0.4,2,1.0,0.6036896712689408
Circular_Single_Defect_H3,"Circular, single defect (H = 3)",0.4,3,1.0,0.6360572989646149
Circular_Single_Defect_H3,"Circular, single defect (H = 3)",0.5,1,1.0,0.6643043225796346
Circular_Single_Defect_H3,"Circular, single defect (H = 3)",0.5,2,1.0,0.6691032482007269
Circular_Single_Defect_H3,"Circular, single defect (H = 3)",0.5,3,1.0,0.6784973864648205
Circular_Single_Defect_H3,"Circular, single defect (H = 3)",0.6,1,1.0,1.0
Circular_Single_Defect_H3,"Circular, single defect (H = 3)",0.6,2,1.0,1.0
Circular_Single_Defect_H3,"Circular, single defect (H = 3)",0.6,3,1.0,1.0
Circular_Single_Defect_H3,"Circular, single defect (H = 3)",0.7,1,1.0,1.0
Circular_Single_Defect_H3,"Circular, single defect (H = 3)",0.7,2,1.0,1.0
Circular_Single_Defect_H3,"Circular, single defect (H = 3)",0.7,3,1.0,1.0
Circular_Single_Defect_H3,"Circular, single defect (H = 3)",0.8,1,1.0,1.0
Circular_Single_Defect_H3,"Circular, single defect (H = 3)",0.8,2,1.0,1.0
Circular_Single_Defect_H3,"Circular, single defect (H = 3)",0.8,3,1.0,1.0
Circular_Single_Defect_H3,"Circular, single defect (H = 3)",0.9,1,1.0,1.0
Circular_Single_Defect_H3,"Circular, single defect (H = 3)",0.9,2,1.0,1.0
Circular_Single_Defect_H3,"Circular, single defect (H = 3)",0.9,3,1.0,1.0
Square,Square,0.1,1,0.9473684210526315,0.07255291005291006
Square,Square,0.1,2,0.9398496240601504,0.06615238095238095
Square,Square,0.1,3,0.9360902255639098,0.06091030789825969
Square,Square,0.2,1,0.9774436090225563,0.07705128205128205
Square,Square,0.2,2,0.9736842105263158,0.07503217503217503
Square,Square,0.2,3,0.9511278195488722,0.08498023715415019
Square,Square,0.3,1,0.9924812030075187,0.9878787878787879
Square,Square,0.3,2,0.9924812030075187,0.9928030303030304
Square,Square,0.3,3,0.9924812030075187,1.0
Square,Square,0.4,1,1.0,0.9783256389293329
Square,Square,0.4,2,1.0,0.9808091223531448
Square,Square,0.4,3,1.0,0.9833183852209331
Square,Square,0.5,1,1.0,0.9931715150851425
Square,Square,0.5,2,1.0,0.9954543610487299
Square,Square,0.5,3,1.0,0.9977086783716486
Square,Square,0.6,1,1.0,1.0
Square,Square,0.6,2,1.0,1.0
Square,Square,0.6,3,1.0,1.0
Square,Square,0.7,1,1.0,1.0
Square,Square,0.7,2,1.0,1.0
Square,Square,0.7,3,1.0,1.0
Square,Square,0.8,1,1.0,1.0
Square,Square,0.8,2,1.0,1.0
Square,Square,0.8,3,1.0,1.0
Square,Square,0.9,1,1.0,1.0
Square,Square,0.9,2,1.0,1.0
Square,Square,0.9,3,1.0,1.0
Square_Four_Symmetric_Defects_H1,"Square, four symmetric defects (H = 1)",0.1,1,0.7055214723926381,0.06547433976621579
Square_Four_Symmetric_Defects_H1,"Square, four symmetric defects (H = 1)",0.1,2,0.6840490797546013,0.06378091914618594
Square_Four_Symmetric_Defects_H1,"Square, four symmetric defects (H = 1)",0.1,3,0.6226993865030674,0.07836330129651045
Square_Four_Symmetric_Defects_H1,"Square, four symmetric defects (H = 1)",0.2,1,0.8987730061349694,0.061143724885646816
Square_Four_Symmetric_Defects_H1,"Square, four symmetric defects (H = 1)",0.2,2,0.8834355828220859,0.04943172493363121
Square_Four_Symmetric_Defects_H1,"Square, four symmetric defects (H = 1)",0.2,3,0.843558282208589,0.02946327458027918
Square_Four_Symmetric_Defects_H1,"Square, four symmetric defects (H = 1)",0.3,1,1.0,0.3494115282495012
Square_Four_Symmetric_Defects_H1,"Square, four symmetric defects (H = 1)",0.3,2,1.0,0.37325369011014364
Square_Four_Symmetric_Defects_H1,"Square, four symmetric defects (H = 1)",0.3,3,1.0,0.39403417532392304
Square_Four_Symmetric_Defects_H1,"Square, four symmetric defects (H = 1)",0.4,1,1.0,0.4730806512281702
Square_Four_Symmetric_Defects_H1,"Square, four symmetric defects (H = 1)",0.4,2,1.0,0.5120125245450841
Square_Four_Symmetric_Defects_H1,"Square, four symmetric defects (H = 1)",0.4,3,1.0,0.5405271486541916
Square_Four_Symmetric_Defects_H1,"Square, four symmetric defects (H = 1)",0.5,1,1.0,0.15312433768283096
Square_Four_Symmetric_Defects_H1,"Square, four symmetric defects (H = 1)",0.5,2,1.0,0.16030086557953674
Square_Four_Symmetric_Defects_H1,"Square, four symmetric defects (H = 1)",0.5,3,1.0,0.1685672143163576
Square_Four_Symmetric_Defects_H1,"Square, four symmetric defects (H = 1)",0.6,1,1.0,1.0
Square_Four_Symmetric_Defects_H1,"Square, four symmetric defects (H = 1)",0.6,2,1.0,1.0
Square_Four_Symmetric_Defects_H1,"Square, four symmetric defects (H = 1)",0.6,3,1.0,1.0
Square_Four_Symmetric_Defects_H1,"Square, four symmetric defects (H = 1)",0.7,1,1.0,0.9996682379866914
Square_Four_Symmetric_Defects_H1,"Square, four symmetric defects (H = 1)",0.7,2,1.0,1.0
Square_Four_Symmetric_Defects_H1,"Square, four symmetric defects (H = 1)",0.7,3,1.0,1.0
Square_Four_Symmetric_Defects_H1,"Square, four symmetric defects (H = 1)",0.8,1,1.0,0.9998194588169501
Square_Four_Symmetric_Defects_H1,"Square, four symmetric defects (H = 1)",0.8,2,1.0,1.0
Square_Four_Symmetric_Defects_H1,"Square, four symmetric defects (H = 1)",0.8,3,1.0,1.0
Square_Four_Symmetric_Defects_H1,"Square, four symmetric defects (H = 1)",0.9,1,1.0,0.9999154347138457
Square_Four_Symmetric_Defects_H1,"Square, four symmetric defects (H = 1)",0.9,2,1.0,1.0
Square_Four_Symmetric_Defects_H1,"Square, four symmetric defects (H = 1)",0.9,3,1.0,1.0
