alpha_over_pi,regime,xi_persist,xi_sign,block_count,active_block_count,maximum_contiguous_extent,extent_valid,total_saved_frames,terminal_saved_frame,terminal_iteration,analysis_window_time,requested_analysis_window_time,analysis_window_fraction,n_blk,source_hdf5,group,condition,condition_label,model_class,defect_height,defect_half_width,grid_count,calibrated_grid_count,calibration_trial_count,calibration_success_count,calibration_agreement,phase_rhs_validation_error,maximum_contiguous_extent_no_cross_join,extent_valid_no_cross_join,mean_active_arclength_fraction,active_block_mean_arclength_fraction,calibrated_perimeter_fraction,preselection_grid_coverage,selected_grid_coverage,w_selection_retention,representative_wall_distance_q50_over_d0,representative_wall_distance_q90_over_d0,representative_wall_distance_q99_over_d0,representative_wall_distance_max_over_d0,block_activity_lag1_correlation,block_chirality_lag1_correlation,omitted_perimeter_fraction
0.0,Independent_Zero_Endpoint,,,0,0,,False,501,500,5000,0.0,73.30382858376184,,0,"D:\PythonProject\System Theory\Frustration Induced Lattice\data\CircularBoundaryPatternFormation(K=20.750,D0=1.000,A0=0.000,L=7.0,v=3.0,dist=uniform,wMin=0.000,dw=0.000,N=2000,dt=0.005,snap=10,seed=9).h5",Circular,Circular,Circular,CircularBoundaryPatternFormation,0.0,0.0,0,0,0,0,,,,,,,,,,,,,,,,,
0.1,Chiral_No_Pattern_Prior,1.0,1.0,209,209,21.99114857512855,True,8001,8000,80000,73.15,73.30382858376184,0.9979014931861838,7,"D:\PythonProject\System Theory\Frustration Induced Lattice\data\CircularBoundaryPatternFormation(K=20.750,D0=1.000,A0=0.314,L=7.0,v=3.0,dist=uniform,wMin=0.000,dw=0.000,N=2000,dt=0.005,snap=10,seed=9).h5",Circular,Circular,Circular,CircularBoundaryPatternFormation,0.0,0.0,44,44,2660,2660,1.0,,21.99114857512855,True,0.07546759460635058,0.07546759460635058,0.9999999999999999,0.04130961251862891,0.04130961251862891,,1.4614035324100882e-06,7.326647713767898e-05,0.0009289822356231002,0.0013322319925661574,,,0.0
0.2,Chiral_No_Pattern_Prior,1.0,0.9862188611913493,142,142,21.99114857512855,True,1001,1000,10000,49.7,73.30382858376184,0.6780000575714742,7,"D:\PythonProject\System Theory\Frustration Induced Lattice\data\CircularBoundaryPatternFormation(K=20.750,D0=1.000,A0=0.628,L=7.0,v=3.0,dist=uniform,wMin=0.000,dw=0.000,N=2000,dt=0.005,snap=10,seed=9).h5",Circular,Circular,Circular,CircularBoundaryPatternFormation,0.0,0.0,44,44,22061,22061,1.0,,21.99114857512855,True,0.5875480153649167,0.5875480153649167,0.9999999999999999,0.5061900411146643,0.5061900411146643,,3.868313032029391e-05,0.006319059231209678,1.9285669683245235,3.401958405260915,,0.8363535573213469,0.0
0.3,Chiral_No_Pattern_Prior,1.0,1.0,209,209,21.99114857512855,True,8001,8000,80000,73.15,73.30382858376184,0.9979014931861838,7,"D:\PythonProject\System Theory\Frustration Induced Lattice\data\CircularBoundaryPatternFormation(K=20.750,D0=1.000,A0=0.942,L=7.0,v=3.0,dist=uniform,wMin=0.000,dw=0.000,N=2000,dt=0.005,snap=10,seed=9).h5",Circular,Circular,Circular,CircularBoundaryPatternFormation,0.0,0.0,44,44,33152,33152,1.0,,21.99114857512855,True,0.6170073945193562,0.6170073945193562,0.9999999999999999,0.5150117983109787,0.5150117983109787,,9.811598399478427e-05,0.0006123712707891484,0.0019405786846631245,0.0037464046691271236,,,0.0
0.4,Chiral_No_Pattern_Prior,1.0,0.9105471661966755,35,35,21.99114857512855,True,251,250,2500,12.25,73.30382858376184,0.16711269024649011,7,"D:\PythonProject\System Theory\Frustration Induced Lattice\data\CircularBoundaryPatternFormation(K=20.750,D0=1.000,A0=1.257,L=7.0,v=3.0,dist=uniform,wMin=0.000,dw=0.000,N=2000,dt=0.005,snap=10,seed=9).h5",Circular,Circular,Circular,CircularBoundaryPatternFormation,0.0,0.0,44,44,10319,10312,0.9993216396937687,,21.99114857512855,True,0.9240259740259739,0.9240259740259739,0.9999999999999999,1.0,1.0,,0.00026348631708295045,0.026397955043757013,0.19268476632766762,0.6329092816598467,,0.9196846906665611,0.0
0.5,Critical_Pattern_Threshold,1.0,1.0,209,209,21.99114857512855,True,8001,8000,80000,73.15,73.30382858376184,0.9979014931861838,7,"D:\PythonProject\System Theory\Frustration Induced Lattice\data\CircularBoundaryPatternFormation(K=20.750,D0=1.000,A0=1.571,L=7.0,v=3.0,dist=uniform,wMin=0.000,dw=0.000,N=2000,dt=0.005,snap=10,seed=9).h5",Circular,Circular,Circular,CircularBoundaryPatternFormation,0.0,0.0,44,44,52053,52052,0.9999807888114037,,21.99114857512855,True,0.789691170073945,0.789691170073945,0.9999999999999999,0.8640244659711873,0.8640244659711873,,0.0028693422383794243,1.7165976102342597,3.0483892076069146,3.4886343066130983,,,0.0
0.6,Pattern_Supported_Prior,1.0,1.0,209,209,21.99114857512855,True,5002,5001,50010,73.15,73.30382858376184,0.9979014931861838,7,"D:\PythonProject\System Theory\Frustration Induced Lattice\data\CircularBoundaryPatternFormation(K=20.750,D0=1.000,A0=1.885,L=7.0,v=3.0,dist=uniform,wMin=0.000,dw=0.000,N=2000,dt=0.005,snap=10,seed=9).h5",Circular,Circular,Circular,CircularBoundaryPatternFormation,0.0,0.0,44,44,48337,48284,0.9989035314562343,1.0658141036401503e-14,21.99114857512855,True,0.9779251848629837,0.9779251848629837,0.9999999999999999,0.8960196224540486,0.8677036761053154,0.9683980733913164,0.04439905944162925,0.6167508271304228,0.9484730532588278,0.9999921866714159,,,0.0
0.7,Pattern_Supported_Prior,1.0,1.0,209,209,21.99114857512855,True,8001,8000,80000,73.15,73.30382858376184,0.9979014931861838,7,"D:\PythonProject\System Theory\Frustration Induced Lattice\data\CircularBoundaryPatternFormation(K=20.750,D0=1.000,A0=2.199,L=7.0,v=3.0,dist=uniform,wMin=0.000,dw=0.000,N=2000,dt=0.005,snap=10,seed=9).h5",Circular,Circular,Circular,CircularBoundaryPatternFormation,0.0,0.0,44,44,46831,46825,0.9998718797377806,,21.99114857512855,True,0.9833623314484558,0.9833623314484558,0.9999999999999999,0.8729508196721312,0.8423528315946349,0.9649487836107554,0.025402274289056948,0.6018113050391922,0.9573305296366826,0.9999478423397399,,,0.0
0.8,Pattern_Supported_Prior,1.0,1.0,142,142,21.99114857512855,True,1001,1000,10000,49.7,73.30382858376184,0.6780000575714742,7,"D:\PythonProject\System Theory\Frustration Induced Lattice\data\CircularBoundaryPatternFormation(K=20.750,D0=1.000,A0=2.513,L=7.0,v=3.0,dist=uniform,wMin=0.000,dw=0.000,N=2000,dt=0.005,snap=10,seed=9).h5",Circular,Circular,Circular,CircularBoundaryPatternFormation,0.0,0.0,44,44,40364,40313,0.9987364978693886,,21.99114857512855,True,0.9982394366197183,0.9982394366197183,0.9999999999999999,0.9801050708085884,0.9609867519415258,0.9804936027406838,0.024663081265064557,0.20120828892144635,0.6678045684585681,0.99817254146613,,,0.0
0.9,Pattern_Supported_Prior,1.0,1.0,209,209,21.99114857512855,True,8001,8000,80000,73.15,73.30382858376184,0.9979014931861838,7,"D:\PythonProject\System Theory\Frustration Induced Lattice\data\CircularBoundaryPatternFormation(K=20.750,D0=1.000,A0=2.827,L=7.0,v=3.0,dist=uniform,wMin=0.000,dw=0.000,N=2000,dt=0.005,snap=10,seed=9).h5",Circular,Circular,Circular,CircularBoundaryPatternFormation,0.0,0.0,44,44,62248,62207,0.9993413443002185,,21.99114857512855,True,0.997281426707264,0.997281426707264,0.9999999999999999,0.9999379036264282,0.9994877049180327,0.9995497733341613,0.030885568976075195,0.15468253071055388,0.3846729909268441,0.9824729994399539,,,0.0
1.0,Independent_Pi_Endpoint,,,0,0,,False,1002,1001,10010,0.0,73.30382858376184,,0,"D:\PythonProject\System Theory\Frustration Induced Lattice\data\CircularBoundaryPatternFormation(K=20.750,D0=1.000,A0=3.142,L=7.0,v=3.0,dist=uniform,wMin=0.000,dw=0.000,N=2000,dt=0.005,snap=10,seed=9).h5",Circular,Circular,Circular,CircularBoundaryPatternFormation,0.0,0.0,0,0,0,0,,,,,,,,,,,,,,,,,
0.0,Independent_Zero_Endpoint,,,0,0,,False,5001,5000,50000,0.0,91.64567227539432,,0,"D:\PythonProject\System Theory\Frustration Induced Lattice\data\CollisionBoundaryMidpointSpikePatternFormation(K=20.750,D0=1.000,A0=0.000,L=7.0,H=3.000,W=0.250,v=3.0,dist=uniform,wMin=0.000,dw=0.000,N=2000,dt=0.005,snap=10,seed=9).h5",Circular,Circular_Single_Defect_H3,"Circular, single defect (H = 3)",CollisionBoundaryMidpointSpikePatternFormation,3.0,0.25,0,0,0,0,,,,,,,,,,,,,,,,,
0.1,Chiral_No_Pattern_Prior,1.0,0.03598180706046186,261,261,23.808630449550062,True,8001,8000,80000,91.35000000000001,91.64567227539432,0.9967737453602193,7,"D:\PythonProject\System Theory\Frustration Induced Lattice\data\CollisionBoundaryMidpointSpikePatternFormation(K=20.750,D0=1.000,A0=0.314,L=7.0,H=3.000,W=0.250,v=3.0,dist=uniform,wMin=0.000,dw=0.000,N=2000,dt=0.005,snap=10,seed=9).h5",Circular,Circular_Single_Defect_H3,"Circular, single defect (H = 3)",CollisionBoundaryMidpointSpikePatternFormation,3.0,0.25,55,48,3950,3950,1.0,,21.390722425929898,True,0.06714079022127177,0.06714079022127177,0.8755200276675867,0.03972548239506664,0.03972548239506664,,1.3130084250914382e-05,0.06777300167593847,0.6049361208035755,0.9391520295548031,,0.9387962694376897,0.010911589987522952
0.2,Chiral_No_Pattern_Prior,1.0,0.26312506678468484,142,142,27.193701682618308,True,1001,1000,10000,49.7,91.64567227539432,0.5423060223798895,7,"D:\PythonProject\System Theory\Frustration Induced Lattice\data\CollisionBoundaryMidpointSpikePatternFormation(K=20.750,D0=1.000,A0=0.628,L=7.0,H=3.000,W=0.250,v=3.0,dist=uniform,wMin=0.000,dw=0.000,N=2000,dt=0.005,snap=10,seed=9).h5",Circular,Circular_Single_Defect_H3,"Circular, single defect (H = 3)",CollisionBoundaryMidpointSpikePatternFormation,3.0,0.25,55,55,10445,10445,1.0,,21.390722425929898,True,0.23838610059339857,0.23838610059339857,1.0,0.19859296482412062,0.19859296482412062,,0.0011809722932744889,0.7980653674588023,1.6858058161411489,1.9931805653353032,,0.9279069603091654,0.010911589987522952
0.3,Chiral_No_Pattern_Prior,0.9961685823754789,0.06492553534707185,261,260,24.775793658998133,True,8001,8000,80000,91.35000000000001,91.64567227539432,0.9967737453602193,7,"D:\PythonProject\System Theory\Frustration Induced Lattice\data\CollisionBoundaryMidpointSpikePatternFormation(K=20.750,D0=1.000,A0=0.942,L=7.0,H=3.000,W=0.250,v=3.0,dist=uniform,wMin=0.000,dw=0.000,N=2000,dt=0.005,snap=10,seed=9).h5",Circular,Circular_Single_Defect_H3,"Circular, single defect (H = 3)",CollisionBoundaryMidpointSpikePatternFormation,3.0,0.25,55,50,8395,8395,1.0,,21.390722425929898,True,0.11165044494780049,0.11207986973606127,0.9110857340482764,0.08435448577680525,0.08435448577680525,,0.0001230426588805635,0.12739271378480252,1.3301945871132737,1.7811428589020657,-0.0038610038610038797,0.9450450827880296,0.010911589987522952
0.4,Chiral_No_Pattern_Prior,1.0,0.56942607556779,261,261,27.193701682618308,True,5001,5000,50000,91.35000000000001,91.64567227539432,0.9967737453602193,7,"D:\PythonProject\System Theory\Frustration Induced Lattice\data\CollisionBoundaryMidpointSpikePatternFormation(K=20.750,D0=1.000,A0=1.257,L=7.0,H=3.000,W=0.250,v=3.0,dist=uniform,wMin=0.000,dw=0.000,N=2000,dt=0.005,snap=10,seed=9).h5",Circular,Circular_Single_Defect_H3,"Circular, single defect (H = 3)",CollisionBoundaryMidpointSpikePatternFormation,3.0,0.25,55,55,36881,36871,0.9997288576773948,,21.390722425929898,True,0.4408926186989164,0.4408926186989164,1.0,0.39364432066839067,0.39364432066839067,,0.009078047538237552,0.991078915200031,1.7793348052636284,1.9986076499566279,,0.7250007358139895,0.010911589987522952
0.5,Critical_Pattern_Threshold,1.0,0.6643043225796346,261,261,27.193701682618308,True,8001,8000,80000,91.35000000000001,91.64567227539432,0.9967737453602193,7,"D:\PythonProject\System Theory\Frustration Induced Lattice\data\CollisionBoundaryMidpointSpikePatternFormation(K=20.750,D0=1.000,A0=1.571,L=7.0,H=3.000,W=0.250,v=3.0,dist=uniform,wMin=0.000,dw=0.000,N=2000,dt=0.005,snap=10,seed=9).h5",Circular,Circular_Single_Defect_H3,"Circular, single defect (H = 3)",CollisionBoundaryMidpointSpikePatternFormation,3.0,0.25,55,55,84798,84653,0.9982900540107078,,21.390722425929898,True,0.7918012214221372,0.7918012214221372,1.0,0.9977024070021882,0.9977024070021882,,0.019834505975580893,0.10851957991378014,0.46856071926166154,1.9555808417134843,,0.5021997556447183,0.010911589987522952
0.6,Pattern_Supported_Prior,1.0,1.0,261,261,27.193701682618308,True,8001,8000,80000,91.35000000000001,91.64567227539432,0.9967737453602193,7,"D:\PythonProject\System Theory\Frustration Induced Lattice\data\CollisionBoundaryMidpointSpikePatternFormation(K=20.750,D0=1.000,A0=1.885,L=7.0,H=3.000,W=0.250,v=3.0,dist=uniform,wMin=0.000,dw=0.000,N=2000,dt=0.005,snap=10,seed=9).h5",Circular,Circular_Single_Defect_H3,"Circular, single defect (H = 3)",CollisionBoundaryMidpointSpikePatternFormation,3.0,0.25,55,55,59417,59198,0.9963141861756736,1.0658141036401503e-14,21.390722425929898,True,0.9090415015618414,0.9090415015618414,1.0,0.8553809429082952,0.8028943703998409,0.938639534883721,0.1718473236124294,0.694589103577946,0.9451160139683057,0.9997699696413582,,,0.010911589987522952
0.7,Pattern_Supported_Prior,1.0,1.0,261,261,27.193701682618308,True,8001,8000,80000,91.35000000000001,91.64567227539432,0.9967737453602193,7,"D:\PythonProject\System Theory\Frustration Induced Lattice\data\CollisionBoundaryMidpointSpikePatternFormation(K=20.750,D0=1.000,A0=2.199,L=7.0,H=3.000,W=0.250,v=3.0,dist=uniform,wMin=0.000,dw=0.000,N=2000,dt=0.005,snap=10,seed=9).h5",Circular,Circular_Single_Defect_H3,"Circular, single defect (H = 3)",CollisionBoundaryMidpointSpikePatternFormation,3.0,0.25,55,55,79767,79523,0.9969410909273259,,21.390722425929898,True,0.9747842965536259,0.9747842965536259,1.0,0.929411179629998,0.8893972548239507,0.9569470158278308,0.03297705830558732,0.37812953728972354,0.9423460644638589,0.9999299330863529,,,0.010911589987522952
0.8,Pattern_Supported_Prior,1.0,1.0,261,261,27.193701682618308,True,5001,5000,50000,91.35000000000001,91.64567227539432,0.9967737453602193,7,"D:\PythonProject\System Theory\Frustration Induced Lattice\data\CollisionBoundaryMidpointSpikePatternFormation(K=20.750,D0=1.000,A0=2.513,L=7.0,H=3.000,W=0.250,v=3.0,dist=uniform,wMin=0.000,dw=0.000,N=2000,dt=0.005,snap=10,seed=9).h5",Circular,Circular_Single_Defect_H3,"Circular, single defect (H = 3)",CollisionBoundaryMidpointSpikePatternFormation,3.0,0.25,55,55,78262,78100,0.9979300298995681,,21.390722425929898,True,0.9861559686686887,0.9861559686686887,1.0,0.9383926795305351,0.8866321861945494,0.9448413287261781,0.07170429540917506,0.409518743622825,0.8810930308172513,0.999933439206785,,,0.010911589987522952
0.9,Pattern_Supported_Prior,1.0,1.0,261,261,27.193701682618308,True,8001,8000,80000,91.35000000000001,91.64567227539432,0.9967737453602193,7,"D:\PythonProject\System Theory\Frustration Induced Lattice\data\CollisionBoundaryMidpointSpikePatternFormation(K=20.750,D0=1.000,A0=2.827,L=7.0,H=3.000,W=0.250,v=3.0,dist=uniform,wMin=0.000,dw=0.000,N=2000,dt=0.005,snap=10,seed=9).h5",Circular,Circular_Single_Defect_H3,"Circular, single defect (H = 3)",CollisionBoundaryMidpointSpikePatternFormation,3.0,0.25,55,55,94485,94382,0.9989098798751125,,21.390722425929898,True,0.9965773835982458,0.9965773835982458,1.0,0.9997115575890193,0.9958225581857967,0.9961098785207589,0.04161814112788109,0.19084163618277628,0.4169980976912479,0.9800409371564424,,,0.010911589987522952
1.0,Independent_Pi_Endpoint,,,0,0,,False,8001,8000,80000,0.0,91.64567227539432,,0,"D:\PythonProject\System Theory\Frustration Induced Lattice\data\CollisionBoundaryMidpointSpikePatternFormation(K=20.750,D0=1.000,A0=3.142,L=7.0,H=3.000,W=0.250,v=3.0,dist=uniform,wMin=0.000,dw=0.000,N=2000,dt=0.005,snap=10,seed=9).h5",Circular,Circular_Single_Defect_H3,"Circular, single defect (H = 3)",CollisionBoundaryMidpointSpikePatternFormation,3.0,0.25,0,0,0,0,,,,,,,,,,,,,,,,,
0.0,Independent_Zero_Endpoint,,,0,0,,False,5001,5000,50000,0.0,93.33333333333333,,0,"D:\PythonProject\System Theory\Frustration Induced Lattice\data\CollisionBoundaryPatternFormation(K=20.750,D0=1.000,A0=0.000,L=7.0,v=3.0,dist=uniform,wMin=0.000,dw=0.000,N=2000,dt=0.005,snap=10,seed=9).h5",Square,Square,Square,CollisionBoundaryPatternFormation,0.0,0.0,0,0,0,0,,,,,,,,,,,,,,,,,
0.1,Chiral_No_Pattern_Prior,0.9473684210526315,0.07255291005291006,266,252,27.6,True,8001,8000,80000,93.10000000000001,93.33333333333333,0.9975000000000002,7,"D:\PythonProject\System Theory\Frustration Induced Lattice\data\CollisionBoundaryPatternFormation(K=20.750,D0=1.000,A0=0.314,L=7.0,v=3.0,dist=uniform,wMin=0.000,dw=0.000,N=2000,dt=0.005,snap=10,seed=9).h5",Square,Square,Square,CollisionBoundaryPatternFormation,0.0,0.0,56,56,3518,3518,1.0,,6.9,True,0.05612244897959183,0.05924036281179137,1.0,0.03618395828540756,0.03618395828540756,,0.8030593113979254,2.2682425141107054,3.194792756167093,3.462279850518271,0.019635742743312503,0.7795368515233227,0.014285714285714235
0.2,Chiral_No_Pattern_Prior,0.9774436090225563,0.07705128205128205,266,260,27.6,True,5001,5000,50000,93.10000000000001,93.33333333333333,0.9975000000000002,7,"D:\PythonProject\System Theory\Frustration Induced Lattice\data\CollisionBoundaryPatternFormation(K=20.750,D0=1.000,A0=0.628,L=7.0,v=3.0,dist=uniform,wMin=0.000,dw=0.000,N=2000,dt=0.005,snap=10,seed=9).h5",Square,Square,Square,CollisionBoundaryPatternFormation,0.0,0.0,56,56,3231,3231,1.0,,6.9,True,0.053235767991407085,0.05446428571428571,1.0,0.03309753853232114,0.03309753853232114,,0.8286446958604596,2.2935116746508926,3.215813849770384,3.4758998239754684,-0.023166023166023182,0.8146631439750335,0.014285714285714235
0.3,Chiral_No_Pattern_Prior,0.9924812030075187,0.9878787878787879,266,264,6.4071428571428575,True,8001,8000,80000,93.10000000000001,93.33333333333333,0.9975000000000002,7,"D:\PythonProject\System Theory\Frustration Induced Lattice\data\CollisionBoundaryPatternFormation(K=20.750,D0=1.000,A0=0.942,L=7.0,v=3.0,dist=uniform,wMin=0.000,dw=0.000,N=2000,dt=0.005,snap=10,seed=9).h5",Square,Square,Square,CollisionBoundaryPatternFormation,0.0,0.0,56,49,7182,7181,0.9998607630186578,,6.4071428571428575,True,0.09693877551020408,0.09767316017316018,0.875,0.07440955448201825,0.07440955448201825,,0.5119691886877717,1.2082005329996015,1.7831966231786385,2.3353055181399993,-0.007604562737642531,-0.026312204425588293,0.014285714285714235
0.4,Chiral_No_Pattern_Prior,1.0,0.9783256389293329,266,266,27.6,True,5001,5000,50000,93.10000000000001,93.33333333333333,0.9975000000000002,7,"D:\PythonProject\System Theory\Frustration Induced Lattice\data\CollisionBoundaryPatternFormation(K=20.750,D0=1.000,A0=1.257,L=7.0,v=3.0,dist=uniform,wMin=0.000,dw=0.000,N=2000,dt=0.005,snap=10,seed=9).h5",Square,Square,Square,CollisionBoundaryPatternFormation,0.0,0.0,56,56,93918,93913,0.999946762069039,,6.9,True,0.9509935553168635,0.9509935553168635,1.0,0.9334598573729008,0.9334598573729008,,0.003443096204021664,0.0862490825323887,0.6718596993493221,2.991149420615927,,0.3260252973356803,0.014285714285714235
0.5,Critical_Pattern_Threshold,1.0,0.9931715150851425,266,266,27.6,True,8001,8000,80000,93.10000000000001,93.33333333333333,0.9975000000000002,7,"D:\PythonProject\System Theory\Frustration Induced Lattice\data\CollisionBoundaryPatternFormation(K=20.750,D0=1.000,A0=1.571,L=7.0,v=3.0,dist=uniform,wMin=0.000,dw=0.000,N=2000,dt=0.005,snap=10,seed=9).h5",Square,Square,Square,CollisionBoundaryPatternFormation,0.0,0.0,56,56,97659,97659,1.0,,6.9,True,0.9420649838882922,0.9420649838882922,1.0,1.0,1.0,,0.005624278956735963,0.023480693697636088,0.05933616990554498,0.23748578841716128,,0.03409783099712746,0.014285714285714235
0.6,Pattern_Supported_Prior,1.0,1.0,266,266,27.6,True,5001,5000,50000,93.10000000000001,93.33333333333333,0.9975000000000002,7,"D:\PythonProject\System Theory\Frustration Induced Lattice\data\CollisionBoundaryPatternFormation(K=20.750,D0=1.000,A0=1.885,L=7.0,v=3.0,dist=uniform,wMin=0.000,dw=0.000,N=2000,dt=0.005,snap=10,seed=9).h5",Square,Square,Square,CollisionBoundaryPatternFormation,0.0,0.0,56,56,53444,53227,0.9959396751740139,7.105427357601002e-15,6.9,True,0.9031954887218046,0.9031954887218046,1.0,0.8834061805076298,0.8022103366306265,0.9080877566077861,0.21584149697435445,0.5341915615979137,0.9363685253697143,0.9998986429932801,,,0.014285714285714235
0.7,Pattern_Supported_Prior,1.0,1.0,266,266,27.6,True,8001,8000,80000,93.10000000000001,93.33333333333333,0.9975000000000002,7,"D:\PythonProject\System Theory\Frustration Induced Lattice\data\CollisionBoundaryPatternFormation(K=20.750,D0=1.000,A0=2.199,L=7.0,v=3.0,dist=uniform,wMin=0.000,dw=0.000,N=2000,dt=0.005,snap=10,seed=9).h5",Square,Square,Square,CollisionBoundaryPatternFormation,0.0,0.0,56,56,55971,55839,0.9976416358471352,,6.9,True,0.882451664876477,0.882451664876477,1.0,0.8153324131585001,0.7310118089103597,0.8965813171568974,0.18800048854090012,0.663675866542583,0.9547087992249155,0.9999702177475589,,,0.014285714285714235
0.8,Pattern_Supported_Prior,1.0,1.0,266,266,27.6,True,5001,5000,50000,93.10000000000001,93.33333333333333,0.9975000000000002,7,"D:\PythonProject\System Theory\Frustration Induced Lattice\data\CollisionBoundaryPatternFormation(K=20.750,D0=1.000,A0=2.513,L=7.0,v=3.0,dist=uniform,wMin=0.000,dw=0.000,N=2000,dt=0.005,snap=10,seed=9).h5",Square,Square,Square,CollisionBoundaryPatternFormation,0.0,0.0,56,56,82018,81823,0.9976224731156575,,6.9,True,0.9892588614393126,0.9892588614393126,1.0,0.956080822022851,0.8992504409171076,0.9405590199105729,0.08748929205216704,0.3847440527237557,0.8446335069300989,0.9998451376873582,,,0.014285714285714235
0.9,Pattern_Supported_Prior,1.0,1.0,266,266,27.6,True,8001,8000,80000,93.10000000000001,93.33333333333333,0.9975000000000002,7,"D:\PythonProject\System Theory\Frustration Induced Lattice\data\CollisionBoundaryPatternFormation(K=20.750,D0=1.000,A0=2.827,L=7.0,v=3.0,dist=uniform,wMin=0.000,dw=0.000,N=2000,dt=0.005,snap=10,seed=9).h5",Square,Square,Square,CollisionBoundaryPatternFormation,0.0,0.0,56,56,96066,95950,0.9987924968250994,,6.9,True,0.9977175080558538,0.9977175080558538,1.0,0.9990894103212944,0.9881527490223142,0.989053370813466,0.06429020370186089,0.2424558531210869,0.4816539397804255,0.9999617001776417,,,0.014285714285714235
1.0,Independent_Pi_Endpoint,,,0,0,,False,5001,5000,50000,0.0,93.33333333333333,,0,"D:\PythonProject\System Theory\Frustration Induced Lattice\data\CollisionBoundaryPatternFormation(K=20.750,D0=1.000,A0=3.142,L=7.0,v=3.0,dist=uniform,wMin=0.000,dw=0.000,N=2000,dt=0.005,snap=10,seed=9).h5",Square,Square,Square,CollisionBoundaryPatternFormation,0.0,0.0,0,0,0,0,,,,,,,,,,,,,,,,,
0.0,Independent_Zero_Endpoint,,,0,0,,False,8001,8000,80000,0.0,114.15403750411774,,0,"D:\PythonProject\System Theory\Frustration Induced Lattice\data\CollisionBoundaryFourSpikePatternFormation(K=20.750,D0=1.000,A0=0.000,L=7.0,H=1.000,W=0.250,v=3.0,dist=uniform,wMin=0.000,dw=0.000,N=2000,dt=0.005,snap=10,seed=9).h5",Square,Square_Four_Symmetric_Defects_H1,"Square, four symmetric defects (H = 1)",CollisionBoundaryFourSpikePatternFormation,1.0,0.25,0,0,0,0,,,,,,,,,,,,,,,,,
0.1,Chiral_No_Pattern_Prior,0.7055214723926381,0.06547433976621579,326,230,25.880823048033086,True,8001,8000,80000,114.10000000000001,114.15403750411774,0.9995266264312747,7,"D:\PythonProject\System Theory\Frustration Induced Lattice\data\CollisionBoundaryFourSpikePatternFormation(K=20.750,D0=1.000,A0=0.314,L=7.0,H=1.000,W=0.250,v=3.0,dist=uniform,wMin=0.000,dw=0.000,N=2000,dt=0.005,snap=10,seed=9).h5",Square,Square_Four_Symmetric_Defects_H1,"Square, four symmetric defects (H = 1)",CollisionBoundaryFourSpikePatternFormation,1.0,0.25,72,70,2455,2455,1.0,,3.1500000000000004,True,0.03028597906642477,0.04292708337241077,0.9719603541079344,0.01701586606317224,0.01701586606317224,,0.4474104168209224,1.173351177436704,1.6958759224608104,1.8504686355432929,0.5417121542940309,0.6804363353376285,0.046720496707275516
0.2,Chiral_No_Pattern_Prior,0.8987730061349694,0.061143724885646816,326,293,32.64621125123533,True,8001,8000,80000,114.10000000000001,114.15403750411774,0.9995266264312747,7,"D:\PythonProject\System Theory\Frustration Induced Lattice\data\CollisionBoundaryFourSpikePatternFormation(K=20.750,D0=1.000,A0=0.628,L=7.0,H=1.000,W=0.250,v=3.0,dist=uniform,wMin=0.000,dw=0.000,N=2000,dt=0.005,snap=10,seed=9).h5",Square,Square_Four_Symmetric_Defects_H1,"Square, four symmetric defects (H = 1)",CollisionBoundaryFourSpikePatternFormation,1.0,0.25,72,72,5728,5728,1.0,,3.1500000000000004,True,0.0668204106954284,0.07434625899900907,1.0,0.03984158271280479,0.03984158271280479,,0.3744206661469107,1.1397762648451395,1.675695375444669,1.8510838364564286,0.47016809990887026,0.6651025932375599,0.046720496707275516
0.3,Chiral_No_Pattern_Prior,1.0,0.3494115282495012,326,326,32.64621125123533,True,8001,8000,80000,114.10000000000001,114.15403750411774,0.9995266264312747,7,"D:\PythonProject\System Theory\Frustration Induced Lattice\data\CollisionBoundaryFourSpikePatternFormation(K=20.750,D0=1.000,A0=0.942,L=7.0,H=1.000,W=0.250,v=3.0,dist=uniform,wMin=0.000,dw=0.000,N=2000,dt=0.005,snap=10,seed=9).h5",Square,Square_Four_Symmetric_Defects_H1,"Square, four symmetric defects (H = 1)",CollisionBoundaryFourSpikePatternFormation,1.0,0.25,72,72,28194,28186,0.9997162516847556,,3.1500000000000004,True,0.24082353272578713,0.24082353272578713,1.0,0.2044884898038643,0.2044884898038643,,0.11778615637176373,0.9596017373985518,1.6215777701107965,1.8515167584544354,,0.5637554182967904,0.046720496707275516
0.4,Chiral_No_Pattern_Prior,1.0,0.4730806512281702,326,326,32.64621125123533,True,8001,8000,80000,114.10000000000001,114.15403750411774,0.9995266264312747,7,"D:\PythonProject\System Theory\Frustration Induced Lattice\data\CollisionBoundaryFourSpikePatternFormation(K=20.750,D0=1.000,A0=1.257,L=7.0,H=1.000,W=0.250,v=3.0,dist=uniform,wMin=0.000,dw=0.000,N=2000,dt=0.005,snap=10,seed=9).h5",Square,Square_Four_Symmetric_Defects_H1,"Square, four symmetric defects (H = 1)",CollisionBoundaryFourSpikePatternFormation,1.0,0.25,72,72,84111,84036,0.9991083211470557,,3.1500000000000004,True,0.5754933934464177,0.5754933934464177,1.0,0.6373862364335426,0.6373862364335426,,0.046116250935271906,0.6932015750687521,1.4437279759102417,1.8533008378023208,,0.5711597218123335,0.046720496707275516
0.5,Critical_Pattern_Threshold,1.0,0.15312433768283096,326,326,32.64621125123533,True,8001,8000,80000,114.10000000000001,114.15403750411774,0.9995266264312747,7,"D:\PythonProject\System Theory\Frustration Induced Lattice\data\CollisionBoundaryFourSpikePatternFormation(K=20.750,D0=1.000,A0=1.571,L=7.0,H=1.000,W=0.250,v=3.0,dist=uniform,wMin=0.000,dw=0.000,N=2000,dt=0.005,snap=10,seed=9).h5",Square,Square_Four_Symmetric_Defects_H1,"Square, four symmetric defects (H = 1)",CollisionBoundaryFourSpikePatternFormation,1.0,0.25,72,72,114618,114059,0.9951229300807901,,3.1500000000000004,True,0.5366197395852532,0.5366197395852532,1.0,0.9910996739183335,0.9910996739183335,,0.039665148650992244,0.19475833353112354,0.5223370893651981,1.7268807619943,,0.4618779416403242,0.046720496707275516
0.6,Pattern_Supported_Prior,1.0,1.0,326,326,32.64621125123533,True,8001,8000,80000,114.10000000000001,114.15403750411774,0.9995266264312747,7,"D:\PythonProject\System Theory\Frustration Induced Lattice\data\CollisionBoundaryFourSpikePatternFormation(K=20.750,D0=1.000,A0=1.885,L=7.0,H=1.000,W=0.250,v=3.0,dist=uniform,wMin=0.000,dw=0.000,N=2000,dt=0.005,snap=10,seed=9).h5",Square,Square_Four_Symmetric_Defects_H1,"Square, four symmetric defects (H = 1)",CollisionBoundaryFourSpikePatternFormation,1.0,0.25,72,72,77553,77088,0.9940041004216471,7.105427357601002e-15,3.1500000000000004,True,0.8593545610634532,0.8593545610634532,1.0,0.8398427994354407,0.7334951574439091,0.8733719666787396,0.2104985247378668,0.5649743934714476,0.8720476019869143,0.9998858478618001,,,0.046720496707275516
0.7,Pattern_Supported_Prior,1.0,0.9996682379866914,326,326,32.64621125123533,True,8001,8000,80000,114.10000000000001,114.15403750411774,0.9995266264312747,7,"D:\PythonProject\System Theory\Frustration Induced Lattice\data\CollisionBoundaryFourSpikePatternFormation(K=20.750,D0=1.000,A0=2.199,L=7.0,H=1.000,W=0.250,v=3.0,dist=uniform,wMin=0.000,dw=0.000,N=2000,dt=0.005,snap=10,seed=9).h5",Square,Square_Four_Symmetric_Defects_H1,"Square, four symmetric defects (H = 1)",CollisionBoundaryFourSpikePatternFormation,1.0,0.25,72,72,67435,67193,0.9964113590865278,,3.1500000000000004,True,0.7947519960901006,0.7947519960901006,1.0,0.7505596924125176,0.6466637465323405,0.8615753724447615,0.24023471370919774,0.6572427539612941,0.9513291154771488,0.9999749125046931,,-0.00916306767634428,0.046720496707275516
0.8,Pattern_Supported_Prior,1.0,0.9998194588169501,326,326,32.64621125123533,True,8001,8000,80000,114.10000000000001,114.15403750411774,0.9995266264312747,7,"D:\PythonProject\System Theory\Frustration Induced Lattice\data\CollisionBoundaryFourSpikePatternFormation(K=20.750,D0=1.000,A0=2.513,L=7.0,H=1.000,W=0.250,v=3.0,dist=uniform,wMin=0.000,dw=0.000,N=2000,dt=0.005,snap=10,seed=9).h5",Square,Square_Four_Symmetric_Defects_H1,"Square, four symmetric defects (H = 1)",CollisionBoundaryFourSpikePatternFormation,1.0,0.25,72,72,106062,105761,0.9971620372989384,,3.1500000000000004,True,0.9569193397955794,0.9569193397955794,1.0,0.904347349978099,0.8087251180220957,0.8942638224590153,0.13083982636397362,0.41452225436673235,0.8377276545974913,0.9999952911965011,,-0.006188850523651518,0.046720496707275516
0.9,Pattern_Supported_Prior,1.0,0.9999154347138457,326,326,32.64621125123533,True,8001,8000,80000,114.10000000000001,114.15403750411774,0.9995266264312747,7,"D:\PythonProject\System Theory\Frustration Induced Lattice\data\CollisionBoundaryFourSpikePatternFormation(K=20.750,D0=1.000,A0=2.827,L=7.0,H=1.000,W=0.250,v=3.0,dist=uniform,wMin=0.000,dw=0.000,N=2000,dt=0.005,snap=10,seed=9).h5",Square,Square_Four_Symmetric_Defects_H1,"Square, four symmetric defects (H = 1)",CollisionBoundaryFourSpikePatternFormation,1.0,0.25,72,72,140477,140277,0.9985762793909323,,3.1500000000000004,True,0.9951158075826667,0.9951158075826667,1.0,0.9970981165133597,0.9732625200759235,0.9760950341368769,0.0771582859505413,0.2821300989335498,0.5332307910015569,0.9961882662129181,,-0.0030864197530864252,0.046720496707275516
1.0,Independent_Pi_Endpoint,,,0,0,,False,8001,8000,80000,0.0,114.15403750411774,,0,"D:\PythonProject\System Theory\Frustration Induced Lattice\data\CollisionBoundaryFourSpikePatternFormation(K=20.750,D0=1.000,A0=3.142,L=7.0,H=1.000,W=0.250,v=3.0,dist=uniform,wMin=0.000,dw=0.000,N=2000,dt=0.005,snap=10,seed=9).h5",Square,Square_Four_Symmetric_Defects_H1,"Square, four symmetric defects (H = 1)",CollisionBoundaryFourSpikePatternFormation,1.0,0.25,0,0,0,0,,,,,,,,,,,,,,,,,
