protocol,d0,diameter,diameter_over_d0,realizations,formed_count,formed_rate,formed_modes,observed_mode_median,observed_mode_min,observed_mode_max,effective_arc_spacing_median,effective_arc_spacing_min,effective_arc_spacing_max,actual_chord_mean_median,actual_chord_mean_min,actual_chord_mean_max,arc_over_d0_median,arc_over_d0_min,arc_over_d0_max,actual_chord_over_d0_median,actual_chord_over_d0_min,actual_chord_over_d0_max,wall_distance_over_d0_median,wall_distance_over_d0_min,wall_distance_over_d0_max,fourier_locking_time_10_frames_median,fourier_locking_time_10_frames_min,fourier_locking_time_10_frames_max,bulk_quantized_mode_median,bulk_quantized_mode_min,bulk_quantized_mode_max,observed_minus_bulk_mode_median,observed_minus_bulk_mode_min,observed_minus_bulk_mode_max
fixed_diameter,0.75,4.58,6.1066666666666665,3,3,1.0,"19,19,19",19.0,19.0,19.0,0.7497709770244917,0.749404519549345,0.7507720930280781,0.7463641449302604,0.7459987334002892,0.7473599240143128,0.9996946360326556,0.9992060260657932,1.0010294573707708,0.9951521932403472,0.9946649778670523,0.9964798986857505,0.030312818099377026,0.026276393231370914,0.03179034723730941,125.0,37.5,127.5,16.0,16.0,16.0,3.0,3.0,3.0
fixed_diameter,1.0,4.58,4.58,3,3,1.0,"14,14,14",14.0,14.0,14.0,1.016024044445483,1.0158399139870942,1.0162084298806469,1.0075159839312204,1.0073358897668618,1.007703789592049,1.016024044445483,1.0158399139870942,1.0162084298806469,1.0075159839312204,1.0073358897668618,1.007703789592049,0.02612651436794522,0.0257156724197789,0.0265367881847145,50.0,47.5,50.0,12.0,12.0,12.0,2.0,2.0,2.0
fixed_diameter,1.25,4.58,3.664,3,2,0.6666666666666666,"11,11",11.0,11.0,11.0,1.292106209661989,1.2917506306219775,1.2924617887020007,1.2746173512514694,1.2742714668726467,1.274963235630292,1.0336849677295912,1.033400504497582,1.0339694309616005,1.0196938810011755,1.0194171734981174,1.0199705885042336,0.02232320564654149,0.021825194622017464,0.022821216671065514,51.25,47.5,55.0,9.0,9.0,9.0,2.0,2.0,2.0
similarity_scaled,0.75,2.475,3.3000000000000003,3,3,1.0,"10,10,10",10.0,10.0,10.0,0.7623903818277243,0.762367617772171,0.7624874703216488,0.7499166252046148,0.7498877248192125,0.750007478092847,1.0165205091036325,1.0164901570295612,1.016649960428865,0.999888833606153,0.99985029975895,1.0000099707904626,0.03215736221866905,0.031951334035663415,0.032205669044884054,32.5,25.0,35.0,8.0,8.0,8.0,2.0,2.0,2.0
similarity_scaled,0.75,3.435,4.58,3,3,1.0,"14,14,14",14.0,14.0,14.0,0.7595032530040766,0.7594637771094773,0.7596154155863583,0.7532078812235812,0.7531037253436079,0.7532504056534509,1.0126710040054354,1.0126183694793032,1.0128205541151443,1.004277174964775,1.004138300458144,1.0043338742046013,0.033597655813833484,0.03326443286503208,0.03371493444399132,45.0,37.5,100.0,12.0,12.0,12.0,2.0,2.0,2.0
similarity_scaled,1.0,3.3,3.3,3,3,1.0,"10,10,10",10.0,10.0,10.0,1.021223826263676,1.0208938291657497,1.0214337314437192,1.004539023628644,1.004196314054118,1.0048321043250603,1.021223826263676,1.0208938291657497,1.0214337314437192,1.004539023628644,1.004196314054118,1.0048321043250603,0.02467180046917039,0.0243377259993256,0.025197007162579776,40.0,32.5,42.5,8.0,8.0,8.0,2.0,2.0,2.0
similarity_scaled,1.0,4.58,4.58,3,3,1.0,"14,14,14",14.0,14.0,14.0,1.016024044445483,1.0158399139870942,1.0162084298806469,1.0075159839312204,1.0073358897668618,1.007703789592049,1.016024044445483,1.0158399139870942,1.0162084298806469,1.0075159839312204,1.0073358897668618,1.007703789592049,0.02612651436794522,0.0257156724197789,0.0265367881847145,50.0,47.5,50.0,12.0,12.0,12.0,2.0,2.0,2.0
similarity_scaled,1.25,4.125,3.3,3,3,1.0,"10,10,10",10.0,10.0,10.0,1.2796093654894873,1.2793165873152155,1.2796858913250992,1.258672004197169,1.2583779434737652,1.2587305649598906,1.02368749239159,1.0234532698521723,1.0237487130600793,1.0069376033577353,1.0067023547790122,1.0069844519679125,0.02075075404531468,0.02065331832521977,0.021123530794632826,47.5,40.0,197.5,8.0,8.0,8.0,2.0,2.0,2.0
similarity_scaled,1.25,5.725,4.58,3,3,1.0,"14,14,14",14.0,14.0,14.0,1.272831994048549,1.2728195936528357,1.2728377696298023,1.2621802824935828,1.2621682935838214,1.2621866583081178,1.0182655952388393,1.0182556749222686,1.018270215703842,1.0097442259948664,1.009734634867057,1.0097493266464943,0.021131959922585965,0.021121664744762826,0.021154064066455903,50.0,47.5,52.5,12.0,12.0,12.0,2.0,2.0,2.0
